i_S801A_VBPR,1,1
i_S801A_CHR,1,2
i_S803A_VBPR,1,3
i_S803A_CHR,1,4
i_S805A_VBPR,1,5
i_S805A_CHR,1,6
i_S807A_VBPR,1,7
i_S807A_CHR,1,8
i_S802A_VBPR,1,9
i_S802A_CHR,1,10
i_S804A_VBPR,1,11
i_S804A_CHR,1,12
i_S806A_VBPR,1,13
i_S806A_CHR,1,14
i_S808A_VBPR,1,15
i_S808A_CHR,1,16
i_S801A_CHR1,1,41
i_S803A_CHR1,1,42
i_S807A_CHR1,1,43
i_S802A_CHR1,1,44
i_S804A_CHR1,1,45
i_S806A_CHR1,1,46
i_S809A_CHR,1,47
i_S811A_CHR,1,48
i_P801A_NKR,1,65
i_P801A_RKR,1,66
i_P801A_WLBPR,1,67
i_P801A_FB_A,1,68
i_P801A_FB_B,1,69
i_P801A_FB_C,1,70
i_P801A_FB_D,1,71
i_P802A_NKR,1,72
i_P802A_RKR,1,73
i_P802A_WLBPR,1,74
i_P802A_FB_A,1,75
i_P802A_FB_B,1,76
i_P802A_FB_C,1,77
i_P802A_FB_D,1,78
i_P803A_NKR,1,79
i_P803A_RKR,1,80
i_P803A_WLBPR,1,81
i_P803A_FB_A,1,82
i_P803A_FB_B,1,83
i_P803A_FB_C,1,84
i_P803A_FB_D,1,85
i_P804A_NKR,1,86
i_P804A_RKR,1,87
i_P804A_WLBPR,1,88
i_P804A_FB_A,1,89
i_P804A_FB_B,1,90
i_P804A_FB_C,1,91
i_P804A_FB_D,1,92
i_P805A_NKR,1,93
i_P805A_RKR,1,94
i_P805A_WLBPR,1,95
i_P805A_FB_A,1,96
i_P805A_FB_B,1,97
i_P805A_FB_C,1,98
i_P805A_FB_D,1,99
i_P806A_NKR,1,100
i_P806A_RKR,1,101
i_P806A_WLBPR,1,102
i_P806A_FB_A,1,103
i_P806A_FB_B,1,104
i_P806A_FB_C,1,105
i_P806A_FB_D,1,106
i_T807A_CE_TR,1,129
i_T809A_CE_TR,1,130
i_T811A_CE_TR,1,131
i_T813A_CE_TR,1,132
i_T815A_CE_TR,1,133
i_T817A_CE_TR,1,134
i_T816A_CE_TR,1,135
i_T814A_CE_TR,1,136
i_T812A_CE_TR,1,137
i_T810A_CE_TR,1,138
i_T808A_CE_TR,1,139
i_CE55_CHR,1,148
i_PSD803A_acl,1,149
i_PSD803A_ior,1,150
i_PSD803A_lor,1,151
i_PSD803A_op_FB,1,152
i_PSD803A_cl_FB,1,153
i_PSD804A_acl,1,154
i_PSD804A_ior,1,155
i_PSD804A_lor,1,156
i_PSD804A_op_FB,1,157
i_PSD804A_cl_FB,1,158
i_ESP803A,1,159
i_ESP804A,1,160
i_MA801A_key,1,169
i_MA801A_FBB,1,170
i_MA802A_key,1,171
i_MA802A_FBB,1,172
i_MA803A_key,1,173
i_MA803A_FBB,1,174
i_S821A_VBPR,2,1
i_S821A_CHR,2,2
i_S822A_VBPR,2,3
i_S822A_CHR,2,4
i_T801A_CE_TR,2,5
i_T803A_CE_TR,2,6
i_T805A_CE_TR,2,7
i_T806A_CE_TR,2,8
i_T804A_CE_TR,2,9
i_T802A_CE_TR,2,10
i_CE54_CHR,2,11
i_PSD801A_acl,2,12
i_PSD801A_ior,2,13
i_PSD801A_lor,2,14
i_PSD801A_op_FB,2,15
i_PSD801A_cl_FB,2,16
i_PSD802A_acl,2,17
i_PSD802A_ior,2,18
i_PSD802A_lor,2,19
i_PSD802A_op_FB,2,20
i_PSD802A_cl_FB,2,21
i_ESP801A,2,22
i_ESP802A,2,23
Li_MBL801B,7,1
Li_MBL803B,7,2
Li_MBL805B,7,3
Li_MBL807B,7,4
Li_MBL809B,7,5
Li_MBL815B,7,6
Li_MBL821B,7,7
Li_MBL823B,7,8
Li_MBL825B,7,9
Li_MBL827B,7,10
Li_MBL831B,7,11
Li_MBL802B,7,12
Li_MBL804B,7,13
Li_MBL806B,7,14
Li_MBL808B,7,15
Li_MBL814B,7,16
Li_MBL820B,7,17
Li_MBL822B,7,18
Li_MBL824B,7,19
Li_MBL826B,7,20
Li_MBL828B,7,21
Li_EM871_S,7,49
Li_EM877_S,7,50
Li_EM872_S,7,51
Li_EM878_S,7,52
Li_CY801B,7,225
Li_CY802B,7,226
Li_CY803B,7,227
Li_CY804B,7,228
Li_CY805B,7,229
Li_CY806B,7,230
Li_CY807B,7,231
Li_CY808B,7,232
Li_CY809B,7,233
Li_CY810B,7,234
Li_FRS821B_S801B,7,241
Li_FRS801B_S803B,7,242
Li_FRS803B_S831B,7,243
Li_FRS831B_S821A,7,244
Li_FRS832B_S802B,7,245
Li_FRS802B_S804B,7,246
Li_FRS804B_S822B,7,247
Li_FRS822B_S862C,7,248
T801B_TR,7,257
T803B_TR,7,258
T805B_TR,7,259
T807B_TR,7,260
T809B_TR,7,261
T811B_TR,7,262
T813B_TR,7,263
T815B_TR,7,264
T817B_TR,7,265
T819B_TR,7,266
T821B_TR,7,267
T823B_TR,7,268
T825B_TR,7,269
T827B_TR,7,270
T828B_TR,7,271
T826B_TR,7,272
T824B_TR,7,273
T822B_TR,7,274
T820B_TR,7,275
T818B_TR,7,276
T816B_TR,7,277
T814B_TR,7,278
T812B_TR,7,279
T810B_TR,7,280
T808B_TR,7,281
T806B_TR,7,282
T804B_TR,7,283
T802B_TR,7,284
T829B_TR,7,285
T831B_TR,7,286
T833B_TR,7,287
T801B_T2R,7,321
T803B_T2R,7,322
T805B_T2R,7,323
T807B_T2R,7,324
T809B_T2R,7,325
T811B_T2R,7,326
T813B_T2R,7,327
T815B_T2R,7,328
T817B_T2R,7,329
T819B_T2R,7,330
T821B_T2R,7,331
T823B_T2R,7,332
T825B_T2R,7,333
T827B_T2R,7,334
T828B_T2R,7,335
T826B_T2R,7,336
T824B_T2R,7,337
T822B_T2R,7,338
T820B_T2R,7,339
T818B_T2R,7,340
T816B_T2R,7,341
T814B_T2R,7,342
T812B_T2R,7,343
T810B_T2R,7,344
T808B_T2R,7,345
T806B_T2R,7,346
T804B_T2R,7,347
T802B_T2R,7,348
T829B_T2R,7,349
T831B_T2R,7,350
T833B_T2R,7,351
S821B_S801B_R,7,385
S801B_S803B_R,7,386
S801B_S807B_R,7,387
S801B_S811B_R,7,388
S803B_S831B_R,7,389
S803B_S805A_R,7,390
S803B_VS831B_R,7,391
S803B_S803H_R,7,392
S831B_S821A_R,7,393
VS821B_S805B_R,7,394
S805B_S803B_R,7,395
S805B_S807B_R,7,396
S805B_S811B_R,7,397
S807B_S831B_R,7,398
S807B_S805A_R,7,399
S807B_VS831B_R,7,400
S807B_S803H_R,7,401
VS831B_VS821A_R,7,402
S832B_S802B_R,7,403
S802B_S804B_R,7,404
S802B_S810B_R,7,405
S802B_S816B_R,7,406
S804B_S822B_R,7,407
S804B_S806C_R,7,408
S804B_VS822B_R,7,409
S822B_S862C_R,7,410
VS832B_S806B_R,7,411
S806B_S804B_R,7,412
S806B_S810B_R,7,413
S806B_S816B_R,7,414
S810B_S822B_R,7,415
S810B_S806C_R,7,416
S810B_VS822B_R,7,417
VS822B_VS862C_R,7,418
S809B_S811B_R,7,419
S811B_S831B_R,7,420
S811B_S805A_R,7,421
S811B_VS831B_R,7,422
S811B_S801H_R,7,423
S811B_S803H_R,7,424
S811B_S849H_R,7,425
S808B_S804B_R,7,426
S808B_S810B_R,7,427
S808B_S816B_R,7,428
S812B_S816B_R,7,429
S814B_S816B_R,7,430
S816B_S822B_R,7,431
S816B_S806C_R,7,432
S816B_VS822B_R,7,433
S816B_S852H_R,7,434
S803B_VS801B_R,7,435
S803B_VS803B_R,7,436
S807B_VS801B_R,7,437
S807B_VS803B_R,7,438
S811B_VS801B_R,7,439
S811B_VS803B_R,7,440
S804B_VS802B_R,7,441
S804B_VS804B_R,7,442
S810B_VS802B_R,7,443
S810B_VS804B_R,7,444
S816B_VS802B_R,7,445
S816B_VS804B_R,7,446
ES821B_ES801B_R,7,449
ES801B_ES803B_R,7,450
ES801B_ES809B_R,7,451
ES801B_ES813B_R,7,452
ES803B_ES805B_R,7,453
ES803B_ES811B_R,7,454
ES805B_ES831B_R,7,455
ES831B_ES821A_R,7,456
ES823B_ES807B_R,7,457
ES807B_ES803B_R,7,458
ES807B_ES809B_R,7,459
ES807B_ES813B_R,7,460
ES809B_ES805B_R,7,461
ES809B_ES811B_R,7,462
ES811B_ES833B_R,7,463
ES833B_ES823A_R,7,464
ES832B_ES802B_R,7,465
ES802B_ES804B_R,7,466
ES802B_ES810B_R,7,467
ES802B_ES814B_R,7,468
ES804B_ES806B_R,7,469
ES804B_ES812B_R,7,470
ES806B_ES822B_R,7,471
ES822B_ES862C_R,7,472
ES834B_ES808B_R,7,473
ES808B_ES804B_R,7,474
ES808B_ES810B_R,7,475
ES808B_ES814B_R,7,476
ES810B_ES806B_R,7,477
ES810B_ES812B_R,7,478
ES812B_ES824B_R,7,479
ES824B_ES864C_R,7,480
ES813B_ES805B_R,7,481
ES813B_ES811B_R,7,482
ES814B_ES806B_R,7,483
ES814B_ES812B_R,7,484
S821B_S801B_ASR,7,513
S801B_S803B_ASR,7,514
S801B_S807B_ASR,7,515
S801B_S811B_ASR,7,516
S803B_S831B_ASR,7,517
S803B_S805A_ASR,7,518
S803B_VS831B_ASR,7,519
S803B_S803H_ASR,7,520
S831B_S821A_ASR,7,521
VS821B_S805B_ASR,7,522
S805B_S803B_ASR,7,523
S805B_S807B_ASR,7,524
S805B_S811B_ASR,7,525
S807B_S831B_ASR,7,526
S807B_S805A_ASR,7,527
S807B_VS831B_ASR,7,528
S807B_S803H_ASR,7,529
VS831B_VS821A_ASR,7,530
S832B_S802B_ASR,7,531
S802B_S804B_ASR,7,532
S802B_S810B_ASR,7,533
S802B_S816B_ASR,7,534
S804B_S822B_ASR,7,535
S804B_S806C_ASR,7,536
S804B_VS822B_ASR,7,537
S822B_S862C_ASR,7,538
VS832B_S806B_ASR,7,539
S806B_S804B_ASR,7,540
S806B_S810B_ASR,7,541
S806B_S816B_ASR,7,542
S810B_S822B_ASR,7,543
S810B_S806C_ASR,7,544
S810B_VS822B_ASR,7,545
VS822B_VS862C_ASR,7,546
S809B_S811B_ASR,7,547
S811B_S831B_ASR,7,548
S811B_S805A_ASR,7,549
S811B_VS831B_ASR,7,550
S811B_S801H_ASR,7,551
S811B_S803H_ASR,7,552
S811B_S849H_ASR,7,553
S808B_S804B_ASR,7,554
S808B_S810B_ASR,7,555
S808B_S816B_ASR,7,556
S812B_S816B_ASR,7,557
S814B_S816B_ASR,7,558
S816B_S822B_ASR,7,559
S816B_S806C_ASR,7,560
S816B_VS822B_ASR,7,561
S816B_S852H_ASR,7,562
S803B_VS801B_ASR,7,563
S803B_VS803B_ASR,7,564
S807B_VS801B_ASR,7,565
S807B_VS803B_ASR,7,566
S811B_VS801B_ASR,7,567
S811B_VS803B_ASR,7,568
S804B_VS802B_ASR,7,569
S804B_VS804B_ASR,7,570
S810B_VS802B_ASR,7,571
S810B_VS804B_ASR,7,572
S816B_VS802B_ASR,7,573
S816B_VS804B_ASR,7,574
T801B_TLSR,7,577
T803B_TLSR,7,578
T805B_TLSR,7,579
T807B_TLSR,7,580
T809B_TLSR,7,581
T811B_TLSR,7,582
T813B_TLSR,7,583
T815B_TLSR,7,584
T817B_TLSR,7,585
T819B_TLSR,7,586
T821B_TLSR,7,587
T823B_TLSR,7,588
T825B_TLSR,7,589
T827B_TLSR,7,590
T828B_TLSR,7,591
T826B_TLSR,7,592
T824B_TLSR,7,593
T822B_TLSR,7,594
T820B_TLSR,7,595
T818B_TLSR,7,596
T816B_TLSR,7,597
T814B_TLSR,7,598
T812B_TLSR,7,599
T810B_TLSR,7,600
T808B_TLSR,7,601
T806B_TLSR,7,602
T804B_TLSR,7,603
T802B_TLSR,7,604
T829B_TLSR,7,605
T831B_TLSR,7,606
T833B_TLSR,7,607
T801B_TRSR,7,641
T803B_TRSR,7,642
T805B_TRSR,7,643
T807B_TRSR,7,644
T809B_TRSR,7,645
T811B_TRSR,7,646
T813B_TRSR,7,647
T815B_TRSR,7,648
T817B_TRSR,7,649
T819B_TRSR,7,650
T821B_TRSR,7,651
T823B_TRSR,7,652
T825B_TRSR,7,653
T827B_TRSR,7,654
T828B_TRSR,7,655
T826B_TRSR,7,656
T824B_TRSR,7,657
T822B_TRSR,7,658
T820B_TRSR,7,659
T818B_TRSR,7,660
T816B_TRSR,7,661
T814B_TRSR,7,662
T812B_TRSR,7,663
T810B_TRSR,7,664
T808B_TRSR,7,665
T806B_TRSR,7,666
T804B_TRSR,7,667
T802B_TRSR,7,668
T829B_TRSR,7,669
T831B_TRSR,7,670
T833B_TRSR,7,671
T807B_sTLSR,7,705
T809B_sTLSR,7,706
T811B_sTLSR,7,707
T813B_sTLSR,7,708
T806B_sTLSR,7,709
T808B_sTLSR,7,710
T810B_sTLSR,7,711
T812B_sTLSR,7,712
T829B_sTLSR,7,713
T817B_sTRSR,7,769
T819B_sTRSR,7,770
T821B_sTRSR,7,771
T823B_sTRSR,7,772
T816B_sTRSR,7,773
T818B_sTRSR,7,774
T820B_sTRSR,7,775
T822B_sTRSR,7,776
T833B_sTRSR,7,777
T813B_kTLSR,7,834
T821B_kTLSR,7,835
T824B_kTLSR,7,837
T820B_kTLSR,7,838
T812B_kTLSR,7,839
T802B_kTLSR,7,840
T829B_kTLSR,7,841
T805B_kTRSR,7,897
T809B_kTRSR,7,898
T817B_kTRSR,7,899
T827B_kTRSR,7,900
T816B_kTRSR,7,902
T808B_kTRSR,7,903
T833B_kTRSR,7,905
T801B_eTLSR,7,961
T803B_eTLSR,7,962
T805B_eTLSR,7,963
T807B_eTLSR,7,964
T809B_eTLSR,7,965
T811B_eTLSR,7,966
T813B_eTLSR,7,967
T815B_eTLSR,7,968
T817B_eTLSR,7,969
T819B_eTLSR,7,970
T821B_eTLSR,7,971
T823B_eTLSR,7,972
T825B_eTLSR,7,973
T827B_eTLSR,7,974
T828B_eTLSR,7,975
T826B_eTLSR,7,976
T824B_eTLSR,7,977
T822B_eTLSR,7,978
T820B_eTLSR,7,979
T818B_eTLSR,7,980
T816B_eTLSR,7,981
T814B_eTLSR,7,982
T812B_eTLSR,7,983
T810B_eTLSR,7,984
T808B_eTLSR,7,985
T806B_eTLSR,7,986
T804B_eTLSR,7,987
T802B_eTLSR,7,988
T829B_eTLSR,7,989
T831B_eTLSR,7,990
T833B_eTLSR,7,991
T801B_eTRSR,7,1025
T803B_eTRSR,7,1026
T805B_eTRSR,7,1027
T807B_eTRSR,7,1028
T809B_eTRSR,7,1029
T811B_eTRSR,7,1030
T813B_eTRSR,7,1031
T815B_eTRSR,7,1032
T817B_eTRSR,7,1033
T819B_eTRSR,7,1034
T821B_eTRSR,7,1035
T823B_eTRSR,7,1036
T825B_eTRSR,7,1037
T827B_eTRSR,7,1038
T828B_eTRSR,7,1039
T826B_eTRSR,7,1040
T824B_eTRSR,7,1041
T822B_eTRSR,7,1042
T820B_eTRSR,7,1043
T818B_eTRSR,7,1044
T816B_eTRSR,7,1045
T814B_eTRSR,7,1046
T812B_eTRSR,7,1047
T810B_eTRSR,7,1048
T808B_eTRSR,7,1049
T806B_eTRSR,7,1050
T804B_eTRSR,7,1051
T802B_eTRSR,7,1052
T829B_eTRSR,7,1053
T831B_eTRSR,7,1054
T833B_eTRSR,7,1055
S821B_S801B_ZR,7,1089
S801B_S803B_ZR,7,1090
S801B_S807B_ZR,7,1091
S801B_S811B_ZR,7,1092
S803B_S831B_ZR,7,1093
S803B_S805A_ZR,7,1094
S803B_VS831B_ZR,7,1095
S803B_S803H_ZR,7,1096
S831B_S821A_ZR,7,1097
VS821B_S805B_ZR,7,1098
S805B_S803B_ZR,7,1099
S805B_S807B_ZR,7,1100
S805B_S811B_ZR,7,1101
S807B_S831B_ZR,7,1102
S807B_S805A_ZR,7,1103
S807B_VS831B_ZR,7,1104
S807B_S803H_ZR,7,1105
VS831B_VS821A_ZR,7,1106
S832B_S802B_ZR,7,1107
S802B_S804B_ZR,7,1108
S802B_S810B_ZR,7,1109
S802B_S816B_ZR,7,1110
S804B_S822B_ZR,7,1111
S804B_S806C_ZR,7,1112
S804B_VS822B_ZR,7,1113
S822B_S862C_ZR,7,1114
VS832B_S806B_ZR,7,1115
S806B_S804B_ZR,7,1116
S806B_S810B_ZR,7,1117
S806B_S816B_ZR,7,1118
S810B_S822B_ZR,7,1119
S810B_S806C_ZR,7,1120
S810B_VS822B_ZR,7,1121
VS822B_VS862C_ZR,7,1122
S809B_S811B_ZR,7,1123
S811B_S831B_ZR,7,1124
S811B_S805A_ZR,7,1125
S811B_VS831B_ZR,7,1126
S811B_S801H_ZR,7,1127
S811B_S803H_ZR,7,1128
S811B_S849H_ZR,7,1129
S808B_S804B_ZR,7,1130
S808B_S810B_ZR,7,1131
S808B_S816B_ZR,7,1132
S812B_S816B_ZR,7,1133
S814B_S816B_ZR,7,1134
S816B_S822B_ZR,7,1135
S816B_S806C_ZR,7,1136
S816B_VS822B_ZR,7,1137
S816B_S852H_ZR,7,1138
S803B_VS801B_ZR,7,1139
S803B_VS803B_ZR,7,1140
S807B_VS801B_ZR,7,1141
S807B_VS803B_ZR,7,1142
S811B_VS801B_ZR,7,1143
S811B_VS803B_ZR,7,1144
S804B_VS802B_ZR,7,1145
S804B_VS804B_ZR,7,1146
S810B_VS802B_ZR,7,1147
S810B_VS804B_ZR,7,1148
S816B_VS802B_ZR,7,1149
S816B_VS804B_ZR,7,1150
S821B_S801B_HBPR,7,1153
S801B_S803B_HBPR,7,1154
S801B_S807B_HBPR,7,1155
S801B_S811B_HBPR,7,1156
S803B_S831B_HBPR,7,1157
S803B_S805A_HBPR,7,1158
S803B_VS831B_HBPR,7,1159
S803B_S803H_HBPR,7,1160
S831B_S821A_HBPR,7,1161
VS821B_S805B_HBPR,7,1162
S805B_S803B_HBPR,7,1163
S805B_S807B_HBPR,7,1164
S805B_S811B_HBPR,7,1165
S807B_S831B_HBPR,7,1166
S807B_S805A_HBPR,7,1167
S807B_VS831B_HBPR,7,1168
S807B_S803H_HBPR,7,1169
VS831B_VS821A_HBPR,7,1170
S832B_S802B_HBPR,7,1171
S802B_S804B_HBPR,7,1172
S802B_S810B_HBPR,7,1173
S802B_S816B_HBPR,7,1174
S804B_S822B_HBPR,7,1175
S804B_S806C_HBPR,7,1176
S804B_VS822B_HBPR,7,1177
S822B_S862C_HBPR,7,1178
VS832B_S806B_HBPR,7,1179
S806B_S804B_HBPR,7,1180
S806B_S810B_HBPR,7,1181
S806B_S816B_HBPR,7,1182
S810B_S822B_HBPR,7,1183
S810B_S806C_HBPR,7,1184
S810B_VS822B_HBPR,7,1185
VS822B_VS862C_HBPR,7,1186
S809B_S811B_HBPR,7,1187
S811B_S831B_HBPR,7,1188
S811B_S805A_HBPR,7,1189
S811B_VS831B_HBPR,7,1190
S811B_S801H_HBPR,7,1191
S811B_S803H_HBPR,7,1192
S811B_S849H_HBPR,7,1193
S808B_S804B_HBPR,7,1194
S808B_S810B_HBPR,7,1195
S808B_S816B_HBPR,7,1196
S812B_S816B_HBPR,7,1197
S814B_S816B_HBPR,7,1198
S816B_S822B_HBPR,7,1199
S816B_S806C_HBPR,7,1200
S816B_VS822B_HBPR,7,1201
S816B_S852H_HBPR,7,1202
S803B_VS801B_HBPR,7,1203
S803B_VS803B_HBPR,7,1204
S807B_VS801B_HBPR,7,1205
S807B_VS803B_HBPR,7,1206
S811B_VS801B_HBPR,7,1207
S811B_VS803B_HBPR,7,1208
S804B_VS802B_HBPR,7,1209
S804B_VS804B_HBPR,7,1210
S810B_VS802B_HBPR,7,1211
S810B_VS804B_HBPR,7,1212
S816B_VS802B_HBPR,7,1213
S816B_VS804B_HBPR,7,1214
S821B_S801B_HyR,7,1217
S801B_S803B_HyR,7,1218
S801B_S807B_HyR,7,1219
S801B_S811B_HyR,7,1220
S803B_S831B_HyR,7,1221
S803B_S805A_HyR,7,1222
S803B_VS831B_HyR,7,1223
S803B_S803H_HyR,7,1224
S831B_S821A_HyR,7,1225
VS821B_S805B_HyR,7,1226
S805B_S803B_HyR,7,1227
S805B_S807B_HyR,7,1228
S805B_S811B_HyR,7,1229
S807B_S831B_HyR,7,1230
S807B_S805A_HyR,7,1231
S807B_VS831B_HyR,7,1232
S807B_S803H_HyR,7,1233
VS831B_VS821A_HyR,7,1234
S832B_S802B_HyR,7,1235
S802B_S804B_HyR,7,1236
S802B_S810B_HyR,7,1237
S802B_S816B_HyR,7,1238
S804B_S822B_HyR,7,1239
S804B_S806C_HyR,7,1240
S804B_VS822B_HyR,7,1241
S822B_S862C_HyR,7,1242
VS832B_S806B_HyR,7,1243
S806B_S804B_HyR,7,1244
S806B_S810B_HyR,7,1245
S806B_S816B_HyR,7,1246
S810B_S822B_HyR,7,1247
S810B_S806C_HyR,7,1248
S810B_VS822B_HyR,7,1249
VS822B_VS862C_HyR,7,1250
S809B_S811B_HyR,7,1251
S811B_S831B_HyR,7,1252
S811B_S805A_HyR,7,1253
S811B_VS831B_HyR,7,1254
S811B_S801H_HyR,7,1255
S811B_S803H_HyR,7,1256
S811B_S849H_HyR,7,1257
S808B_S804B_HyR,7,1258
S808B_S810B_HyR,7,1259
S808B_S816B_HyR,7,1260
S812B_S816B_HyR,7,1261
S814B_S816B_HyR,7,1262
S816B_S822B_HyR,7,1263
S816B_S806C_HyR,7,1264
S816B_VS822B_HyR,7,1265
S816B_S852H_HyR,7,1266
S803B_VS801B_HyR,7,1267
S803B_VS803B_HyR,7,1268
S807B_VS801B_HyR,7,1269
S807B_VS803B_HyR,7,1270
S811B_VS801B_HyR,7,1271
S811B_VS803B_HyR,7,1272
S804B_VS802B_HyR,7,1273
S804B_VS804B_HyR,7,1274
S810B_VS802B_HyR,7,1275
S810B_VS804B_HyR,7,1276
S816B_VS802B_HyR,7,1277
S816B_VS804B_HyR,7,1278
S821B_S801B_HR,7,1281
S801B_S803B_HR,7,1282
S801B_S807B_HR,7,1283
S801B_S811B_HR,7,1284
S803B_S831B_HR,7,1285
S803B_S805A_HR,7,1286
S803B_S803H_HR,7,1288
S831B_S821A_HR,7,1289
S805B_S803B_HR,7,1290
S805B_S807B_HR,7,1291
S805B_S811B_HR,7,1292
S807B_S831B_HR,7,1293
S807B_S805A_HR,7,1294
S807B_S803H_HR,7,1296
S832B_S802B_HR,7,1297
S802B_S804B_HR,7,1298
S802B_S810B_HR,7,1299
S802B_S816B_HR,7,1300
S804B_S822B_HR,7,1301
S804B_S806C_HR,7,1302
S822B_S862C_HR,7,1304
S806B_S804B_HR,7,1305
S806B_S810B_HR,7,1306
S806B_S816B_HR,7,1307
S810B_S822B_HR,7,1308
S810B_S806C_HR,7,1309
S809B_S811B_HR,7,1311
S811B_S831B_HR,7,1312
S811B_S805A_HR,7,1313
S811B_S801H_HR,7,1315
S811B_S803H_HR,7,1316
S811B_S849H_HR,7,1317
S808B_S804B_HR,7,1318
S808B_S810B_HR,7,1319
S808B_S816B_HR,7,1320
S812B_S816B_HR,7,1321
S814B_S816B_HR,7,1322
S816B_S822B_HR,7,1323
S816B_S806C_HR,7,1324
S816B_S852H_HR,7,1326
ES821B_ES801B_ZR,7,1345
ES801B_ES803B_ZR,7,1346
ES801B_ES809B_ZR,7,1347
ES801B_ES813B_ZR,7,1348
ES803B_ES805B_ZR,7,1349
ES803B_ES811B_ZR,7,1350
ES805B_ES831B_ZR,7,1351
ES831B_ES821A_ZR,7,1352
ES823B_ES807B_ZR,7,1353
ES807B_ES803B_ZR,7,1354
ES807B_ES809B_ZR,7,1355
ES807B_ES813B_ZR,7,1356
ES809B_ES805B_ZR,7,1357
ES809B_ES811B_ZR,7,1358
ES811B_ES833B_ZR,7,1359
ES833B_ES823A_ZR,7,1360
ES832B_ES802B_ZR,7,1361
ES802B_ES804B_ZR,7,1362
ES802B_ES810B_ZR,7,1363
ES802B_ES814B_ZR,7,1364
ES804B_ES806B_ZR,7,1365
ES804B_ES812B_ZR,7,1366
ES806B_ES822B_ZR,7,1367
ES822B_ES862C_ZR,7,1368
ES834B_ES808B_ZR,7,1369
ES808B_ES804B_ZR,7,1370
ES808B_ES810B_ZR,7,1371
ES808B_ES814B_ZR,7,1372
ES810B_ES806B_ZR,7,1373
ES810B_ES812B_ZR,7,1374
ES812B_ES824B_ZR,7,1375
ES824B_ES864C_ZR,7,1376
ES813B_ES805B_ZR,7,1377
ES813B_ES811B_ZR,7,1378
ES814B_ES806B_ZR,7,1379
ES814B_ES812B_ZR,7,1380
ES821B_ES801B_HR,7,1409
ES801B_ES803B_HR,7,1410
ES801B_ES809B_HR,7,1411
ES801B_ES813B_HR,7,1412
ES803B_ES805B_HR,7,1413
ES803B_ES811B_HR,7,1414
ES805B_ES831B_HR,7,1415
ES831B_ES821A_HR,7,1416
ES823B_ES807B_HR,7,1417
ES807B_ES803B_HR,7,1418
ES807B_ES809B_HR,7,1419
ES807B_ES813B_HR,7,1420
ES809B_ES805B_HR,7,1421
ES809B_ES811B_HR,7,1422
ES811B_ES833B_HR,7,1423
ES833B_ES823A_HR,7,1424
ES832B_ES802B_HR,7,1425
ES802B_ES804B_HR,7,1426
ES802B_ES810B_HR,7,1427
ES802B_ES814B_HR,7,1428
ES804B_ES806B_HR,7,1429
ES804B_ES812B_HR,7,1430
ES806B_ES822B_HR,7,1431
ES822B_ES862C_HR,7,1432
ES834B_ES808B_HR,7,1433
ES808B_ES804B_HR,7,1434
ES808B_ES810B_HR,7,1435
ES808B_ES814B_HR,7,1436
ES810B_ES806B_HR,7,1437
ES810B_ES812B_HR,7,1438
ES812B_ES824B_HR,7,1439
ES824B_ES864C_HR,7,1440
ES813B_ES805B_HR,7,1441
ES813B_ES811B_HR,7,1442
ES814B_ES806B_HR,7,1443
ES814B_ES812B_HR,7,1444
P801B_NKR,7,1473
P802B_NKR,7,1474
P803B_NKR,7,1475
P804B_NKR,7,1476
P805B_NKR,7,1477
P806B_NKR,7,1478
P807B_NKR,7,1479
P809B_NKR,7,1480
P810B_NKR,7,1481
P811B_NKR,7,1482
P812B_NKR,7,1483
P813B_NKR,7,1484
P815B_NKR,7,1485
P816B_NKR,7,1486
P817B_NKR,7,1487
P801B_RKR,7,1505
P802B_RKR,7,1506
P803B_RKR,7,1507
P804B_RKR,7,1508
P805B_RKR,7,1509
P806B_RKR,7,1510
P807B_RKR,7,1511
P809B_RKR,7,1512
P810B_RKR,7,1513
P811B_RKR,7,1514
P812B_RKR,7,1515
P813B_RKR,7,1516
P815B_RKR,7,1517
P816B_RKR,7,1518
P817B_RKR,7,1519
P801B_WLBPR,7,1537
P802B_WLBPR,7,1538
P803B_WLBPR,7,1539
P804B_WLBPR,7,1540
P805B_WLBPR,7,1541
P806B_WLBPR,7,1542
P807B_WLBPR,7,1543
P809B_WLBPR,7,1544
P810B_WLBPR,7,1545
P811B_WLBPR,7,1546
P812B_WLBPR,7,1547
P813B_WLBPR,7,1548
P815B_WLBPR,7,1549
P816B_WLBPR,7,1550
P817B_WLBPR,7,1551
Si802_T801B_SC_TR,11,1
Si802_T803B_SC_TR,11,2
Si802_T805B_SC_TR,11,3
Si802_T807B_SC_TR,11,4
Si802_T809B_SC_TR,11,5
Si802_T811B_SC_TR,11,6
Si802_T813B_SC_TR,11,7
Si802_T815B_SC_TR,11,8
Si802_T817B_SC_TR,11,9
Si802_T819B_SC_TR,11,10
Si802_T821B_SC_TR,11,11
Si802_T823B_SC_TR,11,12
Si802_T825B_SC_TR,11,13
Si802_T827B_SC_TR,11,14
Si802_T801A_SC_TR,11,15
Si802_T828B_SC_TR,11,16
Si802_T826B_SC_TR,11,17
Si802_T824B_SC_TR,11,18
Si802_T822B_SC_TR,11,19
Si802_T820B_SC_TR,11,20
Si802_T818B_SC_TR,11,21
Si802_T816B_SC_TR,11,22
Si802_T814B_SC_TR,11,23
Si802_T812B_SC_TR,11,24
Si802_T810B_SC_TR,11,25
Si802_T808B_SC_TR,11,26
Si802_T806B_SC_TR,11,27
Si802_T804B_SC_TR,11,28
Si802_T802B_SC_TR,11,29
Si802_T829B_SC_TR,11,30
Si802_T831B_SC_TR,11,31
Si802_T833B_SC_TR,11,32
Si802_T842C_SC_TR,11,33
Si802_T801H_SC_TR,11,34
Si802_T802H_SC_TR,11,35
Si802_T825H_SC_TR,11,36
Si802_T831H_SC_TR,11,37
Si802_T830H_SC_TR,11,38
Si802_T801B_SC_DE,11,65
Si802_T803B_SC_DE,11,66
Si802_T805B_SC_DE,11,67
Si802_T807B_SC_DE,11,68
Si802_T809B_SC_DE,11,69
Si802_T811B_SC_DE,11,70
Si802_T813B_SC_DE,11,71
Si802_T815B_SC_DE,11,72
Si802_T817B_SC_DE,11,73
Si802_T819B_SC_DE,11,74
Si802_T821B_SC_DE,11,75
Si802_T823B_SC_DE,11,76
Si802_T825B_SC_DE,11,77
Si802_T827B_SC_DE,11,78
Si802_T801A_SC_DE,11,79
Si802_T828B_SC_DE,11,80
Si802_T826B_SC_DE,11,81
Si802_T824B_SC_DE,11,82
Si802_T822B_SC_DE,11,83
Si802_T820B_SC_DE,11,84
Si802_T818B_SC_DE,11,85
Si802_T816B_SC_DE,11,86
Si802_T814B_SC_DE,11,87
Si802_T812B_SC_DE,11,88
Si802_T810B_SC_DE,11,89
Si802_T808B_SC_DE,11,90
Si802_T806B_SC_DE,11,91
Si802_T804B_SC_DE,11,92
Si802_T802B_SC_DE,11,93
Si802_T829B_SC_DE,11,94
Si802_T831B_SC_DE,11,95
Si802_T833B_SC_DE,11,96
Si802_T842C_SC_DE,11,97
Si802_T801H_SC_DE,11,98
Si802_T802H_SC_DE,11,99
Si802_T825H_SC_DE,11,100
Si802_T831H_SC_DE,11,101
Si802_T830H_SC_DE,11,102
Si_T807B_ANER,11,129
Si_T823B_ANER,11,130
Si_T822B_ANER,11,131
Si_T806B_ANER,11,132
Si_T803B_ANER,11,133
Si_T815B_ANER,11,134
Si_T825B_ANER,11,135
Si_T826B_ANER,11,136
Si_T814B_ANER,11,137
Si_T804B_ANER,11,138
Si_T831B_ANER,11,139
Si_T801BV2_ATR,11,193
Si_T807BV1_ATR,11,194
Si_T807BV2_ATR,11,195
Si_T823BV1_ATR,11,196
Si_T823BV2_ATR,11,197
Si_T801AV1_ATR,11,198
Si_T828BV2_ATR,11,199
Si_T822BV1_ATR,11,200
Si_T822BV2_ATR,11,201
Si_T806BV1_ATR,11,202
Si_T806BV2_ATR,11,203
Si_T842CV1_ATR,11,204
Si_T803B_CTS,11,257
Si_T815B_CTS,11,258
Si_T825B_CTS,11,259
Si_T804B_CTS,11,260
Si_T814B_CTS,11,261
Si_T826B_CTS,11,262
Si_T831B_CTS,11,263
Si_PSD801B_op,11,289
Si_PSD802B_op,11,292
Si_PSD803B_op,11,293
Si_PSD804B_op,11,296
Si_PSD805B_op,11,298
Si_PSD807B_op,11,299
Si_PSD806B_op,11,302
Si_PSD801B_cl,11,321
Si_PSD802B_cl,11,324
Si_PSD803B_cl,11,325
Si_PSD804B_cl,11,328
Si_PSD805B_cl,11,330
Si_PSD807B_cl,11,331
Si_PSD806B_cl,11,334
Si_T813B_CTAR,11,353
Si_T817B_CTAR,11,354
Si_T812B_CTAR,11,355
Si_T816B_CTAR,11,356
Si_T829B_CTAR,11,357
Si_T833B_CTAR,11,358
Si802_EM871,11,385
Si802_EM873,11,386
Si802_EM875,11,387
Si802_EM877,11,388
Si802_EM872,11,389
Si802_EM874,11,390
Si802_EM876,11,391
Si802_EM878,11,392
Si802_SC_all,11,417
Si802_SC_CHR,11,433
Si801_T801A_SC_TR,12,1
Si801_T803A_SC_TR,12,2
Si801_T805A_SC_TR,12,3
Si801_T807A_SC_TR,12,4
Si801_T809A_SC_TR,12,5
Si801_T811A_SC_TR,12,6
Si801_T813A_SC_TR,12,7
Si801_T815A_SC_TR,12,8
Si801_T817A_SC_TR,12,9
Si801_T816A_SC_TR,12,10
Si801_T814A_SC_TR,12,11
Si801_T812A_SC_TR,12,12
Si801_T810A_SC_TR,12,13
Si801_T808A_SC_TR,12,14
Si801_T806A_SC_TR,12,15
Si801_T804A_SC_TR,12,16
Si801_T802A_SC_TR,12,17
Si801_T828B_SC_TR,12,18
Si801_T801A_SC_DE,12,65
Si801_T803A_SC_DE,12,66
Si801_T805A_SC_DE,12,67
Si801_T807A_SC_DE,12,68
Si801_T809A_SC_DE,12,69
Si801_T811A_SC_DE,12,70
Si801_T813A_SC_DE,12,71
Si801_T815A_SC_DE,12,72
Si801_T817A_SC_DE,12,73
Si801_T816A_SC_DE,12,74
Si801_T814A_SC_DE,12,75
Si801_T812A_SC_DE,12,76
Si801_T810A_SC_DE,12,77
Si801_T808A_SC_DE,12,78
Si801_T806A_SC_DE,12,79
Si801_T804A_SC_DE,12,80
Si801_T802A_SC_DE,12,81
Si801_T828B_SC_DE,12,82
Si_T807A_ANER,12,129
Si_T806A_ANER,12,130
Si_T803A_ANER,12,131
Si_T813A_ANER,12,132
Si_T812A_ANER,12,133
Si_T804A_ANER,12,134
Si_T801AV2_ATR,12,193
Si_T807AV1_ATR,12,194
Si_T807AV2_ATR,12,195
Si_T807AV3_ATR,12,196
Si_T817AV1_ATR,12,197
Si_T816AV1_ATR,12,198
Si_T806AV1_ATR,12,199
Si_T806AV2_ATR,12,200
Si_T806AV3_ATR,12,201
Si_T828BV1_ATR,12,202
Si_T803A_CTS,12,257
Si_T813A_CTS,12,258
Si_T804A_CTS,12,259
Si_T812A_CTS,12,260
Si_PSD801A_op,12,289
Si_PSD802A_op,12,292
Si_PSD803A_op,12,293
Si_PSD804A_op,12,296
Si_PSD801A_cl,12,321
Si_PSD802A_cl,12,324
Si_PSD803A_cl,12,325
Si_PSD804A_cl,12,328
Si_T811A_CTAR,12,353
Si_T815A_CTAR,12,354
Si_T810A_CTAR,12,355
Si_T814A_CTAR,12,356
Si801_EM877,12,385
Si801_EM879,12,386
Si801_EM881,12,387
Si801_EM878,12,388
Si801_EM880,12,389
Si801_EM882,12,390
Si801_SC_all,12,417
Si801_SC_CHR,12,433
H_MBL801A,16,1
H_MBL803A,16,2
H_MBL805A,16,3
H_MBL807A,16,4
H_MBL809A,16,5
H_MBL813A,16,6
H_MBL817A,16,7
H_MBL802A,16,8
H_MBL804A,16,9
H_MBL806A,16,10
H_MBL808A,16,11
H_MBL812A,16,12
H_MBL816A,16,13
H_RBL_S821A_S801A,16,49
H_RBL_S801A_S803A,16,50
H_RBL_S801A_S807A,16,51
H_RBL_S803A_S809A,16,52
H_RBL_S803A_S811A,16,53
H_RBL_VS821A_S805A,16,54
H_RBL_S805A_S807A,16,55
H_RBL_S807A_S809A,16,56
H_RBL_S807A_S811A,16,57
H_RBL_S802A_S804A,16,58
H_RBL_S802A_S808A,16,59
H_RBL_S804A_S822A,16,60
H_RBL_S804A_S806B,16,61
H_RBL_S804A_VS822A,16,62
H_RBL_S804A_VS802A,16,63
H_RBL_S822A_S832B,16,64
H_RBL_S806A_S804A,16,65
H_RBL_S806A_S808A,16,66
H_RBL_S808A_S806B,16,67
H_RBL_S808A_VS822A,16,68
H_RBL_S808A_VS802A,16,69
H_RBL_VS822A_VS832B,16,70
H_SBL_S821A,16,113
H_SBL_S801A,16,114
H_SBL_S803A,16,115
H_SBL_VS821A,16,116
H_SBL_S805A,16,117
H_SBL_S807A,16,118
H_SBL_S802A,16,119
H_SBL_S804A,16,120
H_SBL_S822A,16,121
H_SBL_S806A,16,122
H_SBL_S808A,16,123
H_SBL_VS822A,16,124
H_GSBLA,16,125
H_PBL801A,16,161
H_PBL802A,16,162
H_PBL803A,16,163
H_PBL804A,16,164
H_PBL805A,16,165
H_PBL806A,16,166
H_MA801A,16,177
H_MA802A,16,178
H_MA803A,16,179
P_ATS_VDU,17,1
P_START,17,2
P_MBL801A_ON,17,17
P_MBL803A_ON,17,18
P_MBL805A_ON,17,19
P_MBL807A_ON,17,20
P_MBL809A_ON,17,21
P_MBL813A_ON,17,22
P_MBL817A_ON,17,23
P_MBL802A_ON,17,24
P_MBL804A_ON,17,25
P_MBL806A_ON,17,26
P_MBL808A_ON,17,27
P_MBL812A_ON,17,28
P_MBL816A_ON,17,29
P_MBL801A_OFF,17,65
P_MBL803A_OFF,17,66
P_MBL805A_OFF,17,67
P_MBL807A_OFF,17,68
P_MBL809A_OFF,17,69
P_MBL813A_OFF,17,70
P_MBL817A_OFF,17,71
P_MBL802A_OFF,17,72
P_MBL804A_OFF,17,73
P_MBL806A_OFF,17,74
P_MBL808A_OFF,17,75
P_MBL812A_OFF,17,76
P_MBL816A_OFF,17,77
P_MBL801A_OFF_C,17,113
P_MBL803A_OFF_C,17,114
P_MBL805A_OFF_C,17,115
P_MBL807A_OFF_C,17,116
P_MBL809A_OFF_C,17,117
P_MBL813A_OFF_C,17,118
P_MBL817A_OFF_C,17,119
P_MBL802A_OFF_C,17,120
P_MBL804A_OFF_C,17,121
P_MBL806A_OFF_C,17,122
P_MBL808A_OFF_C,17,123
P_MBL812A_OFF_C,17,124
P_MBL816A_OFF_C,17,125
P_B_S821A_S801A_ON,17,161
P_B_S801A_S803A_ON,17,162
P_B_S801A_S807A_ON,17,163
P_B_S803A_S809A_ON,17,164
P_B_S803A_S811A_ON,17,165
P_B_VS821A_S805A_ON,17,166
P_B_S805A_S807A_ON,17,167
P_B_S807A_S809A_ON,17,168
P_B_S807A_S811A_ON,17,169
P_B_S802A_S804A_ON,17,170
P_B_S802A_S808A_ON,17,171
P_B_S804A_S822A_ON,17,172
P_B_S804A_S806B_ON,17,173
P_B_S804A_VS822A_ON,17,174
P_B_S804A_VS802A_ON,17,175
P_B_S822A_S832B_ON,17,176
P_B_S806A_S804A_ON,17,177
P_B_S806A_S808A_ON,17,178
P_B_S808A_S806B_ON,17,179
P_B_S808A_VS822A_ON,17,180
P_B_S808A_VS802A_ON,17,181
P_B_VS822A_VS832B_ON,17,182
P_B_S821A_S801A_O,17,241
P_B_S801A_S803A_O,17,242
P_B_S801A_S807A_O,17,243
P_B_S803A_S809A_O,17,244
P_B_S803A_S811A_O,17,245
P_B_VS821A_S805A_O,17,246
P_B_S805A_S807A_O,17,247
P_B_S807A_S809A_O,17,248
P_B_S807A_S811A_O,17,249
P_B_S802A_S804A_O,17,250
P_B_S802A_S808A_O,17,251
P_B_S804A_S822A_O,17,252
P_B_S804A_S806B_O,17,253
P_B_S804A_VS822A_O,17,254
P_B_S804A_VS802A_O,17,255
P_B_S822A_S832B_O,17,256
P_B_S806A_S804A_O,17,257
P_B_S806A_S808A_O,17,258
P_B_S808A_S806B_O,17,259
P_B_S808A_VS822A_O,17,260
P_B_S808A_VS802A_O,17,261
P_B_VS822A_VS832B_O,17,262
P_B_S821A_S801A_OC,17,321
P_B_S801A_S803A_OC,17,322
P_B_S801A_S807A_OC,17,323
P_B_S803A_S809A_OC,17,324
P_B_S803A_S811A_OC,17,325
P_B_VS821A_S805A_OC,17,326
P_B_S805A_S807A_OC,17,327
P_B_S807A_S809A_OC,17,328
P_B_S807A_S811A_OC,17,329
P_B_S802A_S804A_OC,17,330
P_B_S802A_S808A_OC,17,331
P_B_S804A_S822A_OC,17,332
P_B_S804A_S806B_OC,17,333
P_B_S804A_VS822A_OC,17,334
P_B_S804A_VS802A_OC,17,335
P_B_S822A_S832B_OC,17,336
P_B_S806A_S804A_OC,17,337
P_B_S806A_S808A_OC,17,338
P_B_S808A_S806B_OC,17,339
P_B_S808A_VS822A_OC,17,340
P_B_S808A_VS802A_OC,17,341
P_B_VS822A_VS832B_OC,17,342
P_SBL_S821A_ON,17,401
P_SBL_S801A_ON,17,402
P_SBL_S803A_ON,17,403
P_SBL_VS821A_ON,17,404
P_SBL_S805A_ON,17,405
P_SBL_S807A_ON,17,406
P_SBL_S802A_ON,17,407
P_SBL_S804A_ON,17,408
P_SBL_S822A_ON,17,409
P_SBL_S806A_ON,17,410
P_SBL_S808A_ON,17,411
P_SBL_VS822A_ON,17,412
P_GSBLA_ON,17,413
P_SBL_S821A_OFF,17,449
P_SBL_S801A_OFF,17,450
P_SBL_S803A_OFF,17,451
P_SBL_VS821A_OFF,17,452
P_SBL_S805A_OFF,17,453
P_SBL_S807A_OFF,17,454
P_SBL_S802A_OFF,17,455
P_SBL_S804A_OFF,17,456
P_SBL_S822A_OFF,17,457
P_SBL_S806A_OFF,17,458
P_SBL_S808A_OFF,17,459
P_SBL_VS822A_OFF,17,460
P_GSBLA_OFF,17,461
P_SBL_S821A_OFF_C,17,497
P_SBL_S801A_OFF_C,17,498
P_SBL_S803A_OFF_C,17,499
P_SBL_VS821A_OFF_C,17,500
P_SBL_S805A_OFF_C,17,501
P_SBL_S807A_OFF_C,17,502
P_SBL_S802A_OFF_C,17,503
P_SBL_S804A_OFF_C,17,504
P_SBL_S822A_OFF_C,17,505
P_SBL_S806A_OFF_C,17,506
P_SBL_S808A_OFF_C,17,507
P_SBL_VS822A_OFF_C,17,508
P_GSBLA_OFF_C,17,509
P_PBL801A_ON,17,545
P_PBL802A_ON,17,546
P_PBL803A_ON,17,547
P_PBL804A_ON,17,548
P_PBL805A_ON,17,549
P_PBL806A_ON,17,550
P_PBL801A_OFF,17,561
P_PBL802A_OFF,17,562
P_PBL803A_OFF,17,563
P_PBL804A_OFF,17,564
P_PBL805A_OFF,17,565
P_PBL806A_OFF,17,566
P_PBL801A_OFF_C,17,577
P_PBL802A_OFF_C,17,578
P_PBL803A_OFF_C,17,579
P_PBL804A_OFF_C,17,580
P_PBL805A_OFF_C,17,581
P_PBL806A_OFF_C,17,582
P_MA801A_ON,17,593
P_MA802A_ON,17,594
P_MA803A_ON,17,595
P_MA801A_OFF,17,609
P_MA802A_OFF,17,610
P_MA803A_OFF,17,611
P_MA801A_OFF_C,17,625
P_MA802A_OFF_C,17,626
P_MA803A_OFF_C,17,627
P_CY801A_ON,17,721
P_CY802A_ON,17,722
P_CY803A_ON,17,723
P_CY804A_ON,17,724
P_CY805A_ON,17,725
P_CY806A_ON,17,726
P_CY807A_ON,17,727
P_CY801A_OFF,17,737
P_CY802A_OFF,17,738
P_CY803A_OFF,17,739
P_CY804A_OFF,17,740
P_CY805A_OFF,17,741
P_CY806A_OFF,17,742
P_CY807A_OFF,17,743
P_FRS821A_S801A_ON,17,753
P_FRS801A_S803A_ON,17,754
P_FRS804A_S822A_ON,17,755
P_FRS822A_S832B_ON,17,756
P_FRS821A_S801A_OFF,17,769
P_FRS801A_S803A_OFF,17,770
P_FRS804A_S822A_OFF,17,771
P_FRS822A_S832B_OFF,17,772
P_S821A_S801A,17,785
P_S801A_S803A,17,786
P_S801A_S807A,17,787
P_S803A_S809A,17,788
P_S803A_S811A,17,789
P_VS821A_S805A,17,790
P_S805A_S807A,17,791
P_S807A_S809A,17,792
P_S807A_S811A,17,793
P_S802A_S804A,17,794
P_S802A_S808A,17,795
P_S804A_S822A,17,796
P_S804A_S806B,17,797
P_S804A_VS822A,17,798
P_S804A_VS802A,17,799
P_S822A_S832B,17,800
P_S806A_S804A,17,801
P_S806A_S808A,17,802
P_S808A_S806B,17,803
P_S808A_VS822A,17,804
P_S808A_VS802A,17,805
P_VS822A_VS832B,17,806
P_S821A_S801A_CAN,17,865
P_S801A_S803A_CAN,17,866
P_S801A_S807A_CAN,17,867
P_S803A_S809A_CAN,17,868
P_S803A_S811A_CAN,17,869
P_VS821A_S805A_CAN,17,870
P_S805A_S807A_CAN,17,871
P_S807A_S809A_CAN,17,872
P_S807A_S811A_CAN,17,873
P_S802A_S804A_CAN,17,874
P_S802A_S808A_CAN,17,875
P_S804A_S822A_CAN,17,876
P_S804A_S806B_CAN,17,877
P_S804A_VS822A_CAN,17,878
P_S804A_VS802A_CAN,17,879
P_S822A_S832B_CAN,17,880
P_S806A_S804A_CAN,17,881
P_S806A_S808A_CAN,17,882
P_S808A_S806B_CAN,17,883
P_S808A_VS822A_CAN,17,884
P_S808A_VS802A_CAN,17,885
P_VS822A_VS832B_CAN,17,886
P_VL801A_ON,17,945
P_VL802A_ON,17,946
P_VL803A_ON,17,947
P_VL804A_ON,17,948
P_VL805A_ON,17,949
P_VL806A_ON,17,950
P_VL807A_ON,17,951
P_P801A_N,17,961
P_P802A_N,17,962
P_P803A_N,17,963
P_P804A_N,17,964
P_P805A_N,17,965
P_P806A_N,17,966
P_P801A_R,17,993
P_P802A_R,17,994
P_P803A_R,17,995
P_P804A_R,17,996
P_P805A_R,17,997
P_P806A_R,17,998
P_ES821A_ES801A_ON,17,1025
P_ES801A_ES803A_ON,17,1026
P_ES801A_ES809A_ON,17,1027
P_ES803A_ES805A_ON,17,1028
P_ES803A_ES811A_ON,17,1029
P_ES805A_S809A_ON,17,1030
P_ES823A_ES807A_ON,17,1031
P_ES807A_ES809A_ON,17,1032
P_ES809A_ES805A_ON,17,1033
P_ES809A_ES811A_ON,17,1034
P_ES811A_S811A_ON,17,1035
P_ES802A_ES804A_ON,17,1036
P_ES802A_ES810A_ON,17,1037
P_ES804A_ES806A_ON,17,1038
P_ES804A_ES812A_ON,17,1039
P_ES806A_ES822A_ON,17,1040
P_ES822A_ES832B_ON,17,1041
P_ES808A_ES804A_ON,17,1042
P_ES808A_ES810A_ON,17,1043
P_ES810A_ES812A_ON,17,1044
P_ES812A_ES824A_ON,17,1045
P_ES824A_ES834B_ON,17,1046
P_ES821A_ES801A_OFF,17,1089
P_ES801A_ES803A_OFF,17,1090
P_ES801A_ES809A_OFF,17,1091
P_ES803A_ES805A_OFF,17,1092
P_ES803A_ES811A_OFF,17,1093
P_ES805A_S809A_OFF,17,1094
P_ES823A_ES807A_OFF,17,1095
P_ES807A_ES809A_OFF,17,1096
P_ES809A_ES805A_OFF,17,1097
P_ES809A_ES811A_OFF,17,1098
P_ES811A_S811A_OFF,17,1099
P_ES802A_ES804A_OFF,17,1100
P_ES802A_ES810A_OFF,17,1101
P_ES804A_ES806A_OFF,17,1102
P_ES804A_ES812A_OFF,17,1103
P_ES806A_ES822A_OFF,17,1104
P_ES822A_ES832B_OFF,17,1105
P_ES808A_ES804A_OFF,17,1106
P_ES808A_ES810A_OFF,17,1107
P_ES810A_ES812A_OFF,17,1108
P_ES812A_ES824A_OFF,17,1109
P_ES824A_ES834B_OFF,17,1110
P_T801A_TLSR_CLR,17,1153
P_T805A_TLSR_CLR,17,1154
P_T807A_TLSR_CLR,17,1155
P_T809A_TLSR_CLR,17,1156
P_T811A_TLSR_CLR,17,1157
P_T815A_TLSR_CLR,17,1158
P_T814A_TLSR_CLR,17,1159
P_T810A_TLSR_CLR,17,1160
P_T808A_TLSR_CLR,17,1161
P_T806A_TLSR_CLR,17,1162
P_T802A_TLSR_CLR,17,1163
P_T801A_TRSR_CLR,17,1217
P_T805A_TRSR_CLR,17,1218
P_T807A_TRSR_CLR,17,1219
P_T809A_TRSR_CLR,17,1220
P_T811A_TRSR_CLR,17,1221
P_T815A_TRSR_CLR,17,1222
P_T814A_TRSR_CLR,17,1223
P_T810A_TRSR_CLR,17,1224
P_T808A_TRSR_CLR,17,1225
P_T806A_TRSR_CLR,17,1226
P_T802A_TRSR_CLR,17,1227
P_T801A_TLSR_CLR_C,17,1281
P_T805A_TLSR_CLR_C,17,1282
P_T807A_TLSR_CLR_C,17,1283
P_T809A_TLSR_CLR_C,17,1284
P_T811A_TLSR_CLR_C,17,1285
P_T815A_TLSR_CLR_C,17,1286
P_T814A_TLSR_CLR_C,17,1287
P_T810A_TLSR_CLR_C,17,1288
P_T808A_TLSR_CLR_C,17,1289
P_T806A_TLSR_CLR_C,17,1290
P_T802A_TLSR_CLR_C,17,1291
P_T801A_TRSR_CLR_C,17,1345
P_T805A_TRSR_CLR_C,17,1346
P_T807A_TRSR_CLR_C,17,1347
P_T809A_TRSR_CLR_C,17,1348
P_T811A_TRSR_CLR_C,17,1349
P_T815A_TRSR_CLR_C,17,1350
P_T814A_TRSR_CLR_C,17,1351
P_T810A_TRSR_CLR_C,17,1352
P_T808A_TRSR_CLR_C,17,1353
P_T806A_TRSR_CLR_C,17,1354
P_T802A_TRSR_CLR_C,17,1355
P_T807A_sTLSR_CLR,17,1409
P_T809A_sTLSR_CLR,17,1410
P_T811A_sTLSR_CLR,17,1411
P_T810A_sTLSR_CLR,17,1412
P_T807A_sTLSR_CLR_C,17,1441
P_T809A_sTLSR_CLR_C,17,1442
P_T811A_sTLSR_CLR_C,17,1443
P_T810A_sTLSR_CLR_C,17,1444
o_S801A_GR1,18,1
o_S801A_GR2,18,2
o_S801A_VR1,18,3
o_S801A_VR2,18,4
o_S803A_GR1,18,5
o_S803A_GR2,18,6
o_S803A_VR1,18,7
o_S803A_VR2,18,8
o_S805A_GR1,18,9
o_S805A_GR2,18,10
o_S805A_VR1,18,11
o_S805A_VR2,18,12
o_S807A_GR1,18,13
o_S807A_GR2,18,14
o_S807A_VR1,18,15
o_S807A_VR2,18,16
o_S802A_GR1,18,17
o_S802A_GR2,18,18
o_S802A_VR1,18,19
o_S802A_VR2,18,20
o_S804A_GR1,18,21
o_S804A_GR2,18,22
o_S804A_VR1,18,23
o_S804A_VR2,18,24
o_S806A_GR1,18,25
o_S806A_GR2,18,26
o_S806A_VR1,18,27
o_S806A_VR2,18,28
o_S808A_GR1,18,29
o_S808A_GR2,18,30
o_S808A_VR1,18,31
o_S808A_VR2,18,32
o_S801A_MK,18,41
o_S801A_DK,18,42
o_S803A_MK,18,43
o_S803A_DK,18,44
o_S807A_MK,18,45
o_S807A_DK,18,46
o_S802A_MK,18,47
o_S802A_DK,18,48
o_S804A_MK,18,49
o_S804A_DK,18,50
o_S806A_MK,18,51
o_S806A_DK,18,52
o_P801A_NWLR,18,65
o_P801A_RWLR,18,66
o_P801A_WLR,18,67
o_P802A_NWLR,18,68
o_P802A_RWLR,18,69
o_P802A_WLR,18,70
o_P803A_NWLR,18,71
o_P803A_RWLR,18,72
o_P803A_WLR,18,73
o_P804A_NWLR,18,74
o_P804A_RWLR,18,75
o_P804A_WLR,18,76
o_P805A_NWLR,18,77
o_P805A_RWLR,18,78
o_P805A_WLR,18,79
o_P806A_NWLR,18,80
o_P806A_RWLR,18,81
o_P806A_WLR,18,82
o_PSD803A_op1,18,129
o_PSD803A_op2,18,130
o_PSD803A_cl1,18,131
o_PSD803A_cl2,18,132
o_PSD804A_op1,18,133
o_PSD804A_op2,18,134
o_PSD804A_cl1,18,135
o_PSD804A_cl2,18,136
o_MA801A1,18,139
o_MA801A2,18,140
o_MA802A1,18,141
o_MA802A2,18,142
o_MA803A1,18,143
o_MA803A2,18,144
o_S821A_GR1,19,1
o_S821A_GR2,19,2
o_S821A_VR1,19,3
o_S821A_VR2,19,4
o_S822A_GR1,19,5
o_S822A_GR2,19,6
o_S822A_VR1,19,7
o_S822A_VR2,19,8
o_PSD801A_op1,19,9
o_PSD801A_op2,19,10
o_PSD801A_cl1,19,11
o_PSD801A_cl2,19,12
o_PSD802A_op1,19,13
o_PSD802A_op2,19,14
o_PSD802A_cl1,19,15
o_PSD802A_cl2,19,16
Lo_MBL801A,24,1
Lo_MBL803A,24,2
Lo_MBL805A,24,3
Lo_MBL807A,24,4
Lo_MBL809A,24,5
Lo_MBL813A,24,6
Lo_MBL817A,24,7
Lo_MBL802A,24,8
Lo_MBL804A,24,9
Lo_MBL806A,24,10
Lo_MBL808A,24,11
Lo_MBL812A,24,12
Lo_MBL816A,24,13
Lo_EM877_S,24,49
Lo_EM878_S,24,50
Lo_CY801A,24,225
Lo_CY802A,24,226
Lo_CY803A,24,227
Lo_CY804A,24,228
Lo_CY805A,24,229
Lo_CY806A,24,230
Lo_CY807A,24,231
Lo_FRS821A_S801A,24,241
Lo_FRS801A_S803A,24,242
Lo_FRS804A_S822A,24,243
Lo_FRS822A_S832B,24,244
T801A_TR,24,257
T803A_TR,24,258
T805A_TR,24,259
T807A_TR,24,260
T809A_TR,24,261
T811A_TR,24,262
T813A_TR,24,263
T815A_TR,24,264
T817A_TR,24,265
T816A_TR,24,266
T814A_TR,24,267
T812A_TR,24,268
T810A_TR,24,269
T808A_TR,24,270
T806A_TR,24,271
T804A_TR,24,272
T802A_TR,24,273
T801A_T2R,24,321
T803A_T2R,24,322
T805A_T2R,24,323
T807A_T2R,24,324
T809A_T2R,24,325
T811A_T2R,24,326
T813A_T2R,24,327
T815A_T2R,24,328
T817A_T2R,24,329
T816A_T2R,24,330
T814A_T2R,24,331
T812A_T2R,24,332
T810A_T2R,24,333
T808A_T2R,24,334
T806A_T2R,24,335
T804A_T2R,24,336
T802A_T2R,24,337
S821A_S801A_R,24,385
S801A_S803A_R,24,386
S801A_S807A_R,24,387
S803A_S809A_R,24,388
S803A_S811A_R,24,389
VS821A_S805A_R,24,390
S805A_S807A_R,24,391
S807A_S809A_R,24,392
S807A_S811A_R,24,393
S802A_S804A_R,24,394
S802A_S808A_R,24,395
S804A_S822A_R,24,396
S804A_S806B_R,24,397
S804A_VS822A_R,24,398
S804A_VS802A_R,24,399
S822A_S832B_R,24,400
S806A_S804A_R,24,401
S806A_S808A_R,24,402
S808A_S806B_R,24,403
S808A_VS822A_R,24,404
S808A_VS802A_R,24,405
VS822A_VS832B_R,24,406
ES821A_ES801A_R,24,449
ES801A_ES803A_R,24,450
ES801A_ES809A_R,24,451
ES803A_ES805A_R,24,452
ES803A_ES811A_R,24,453
ES805A_S809A_R,24,454
ES823A_ES807A_R,24,455
ES807A_ES809A_R,24,456
ES809A_ES805A_R,24,457
ES809A_ES811A_R,24,458
ES811A_S811A_R,24,459
ES802A_ES804A_R,24,460
ES802A_ES810A_R,24,461
ES804A_ES806A_R,24,462
ES804A_ES812A_R,24,463
ES806A_ES822A_R,24,464
ES822A_ES832B_R,24,465
ES808A_ES804A_R,24,466
ES808A_ES810A_R,24,467
ES810A_ES812A_R,24,468
ES812A_ES824A_R,24,469
ES824A_ES834B_R,24,470
S821A_S801A_ASR,24,513
S801A_S803A_ASR,24,514
S801A_S807A_ASR,24,515
S803A_S809A_ASR,24,516
S803A_S811A_ASR,24,517
VS821A_S805A_ASR,24,518
S805A_S807A_ASR,24,519
S807A_S809A_ASR,24,520
S807A_S811A_ASR,24,521
S802A_S804A_ASR,24,522
S802A_S808A_ASR,24,523
S804A_S822A_ASR,24,524
S804A_S806B_ASR,24,525
S804A_VS822A_ASR,24,526
S804A_VS802A_ASR,24,527
S822A_S832B_ASR,24,528
S806A_S804A_ASR,24,529
S806A_S808A_ASR,24,530
S808A_S806B_ASR,24,531
S808A_VS822A_ASR,24,532
S808A_VS802A_ASR,24,533
VS822A_VS832B_ASR,24,534
T801A_TLSR,24,577
T803A_TLSR,24,578
T805A_TLSR,24,579
T807A_TLSR,24,580
T809A_TLSR,24,581
T811A_TLSR,24,582
T813A_TLSR,24,583
T815A_TLSR,24,584
T814A_TLSR,24,585
T812A_TLSR,24,586
T810A_TLSR,24,587
T808A_TLSR,24,588
T806A_TLSR,24,589
T804A_TLSR,24,590
T802A_TLSR,24,591
T801A_TRSR,24,641
T803A_TRSR,24,642
T805A_TRSR,24,643
T807A_TRSR,24,644
T809A_TRSR,24,645
T811A_TRSR,24,646
T813A_TRSR,24,647
T815A_TRSR,24,648
T817A_TRSR,24,649
T816A_TRSR,24,650
T814A_TRSR,24,651
T812A_TRSR,24,652
T810A_TRSR,24,653
T808A_TRSR,24,654
T806A_TRSR,24,655
T804A_TRSR,24,656
T802A_TRSR,24,657
T807A_sTLSR,24,705
T809A_sTLSR,24,706
T811A_sTLSR,24,707
T810A_sTLSR,24,708
T811A_kTLSR,24,834
T810A_kTLSR,24,835
T802A_kTLSR,24,836
T805A_kTRSR,24,897
T809A_kTRSR,24,898
T815A_kTRSR,24,899
T814A_kTRSR,24,900
T808A_kTRSR,24,901
T801A_eTLSR,24,961
T803A_eTLSR,24,962
T805A_eTLSR,24,963
T807A_eTLSR,24,964
T809A_eTLSR,24,965
T811A_eTLSR,24,966
T813A_eTLSR,24,967
T815A_eTLSR,24,968
T814A_eTLSR,24,969
T812A_eTLSR,24,970
T810A_eTLSR,24,971
T808A_eTLSR,24,972
T806A_eTLSR,24,973
T804A_eTLSR,24,974
T802A_eTLSR,24,975
T801A_eTRSR,24,1025
T803A_eTRSR,24,1026
T805A_eTRSR,24,1027
T807A_eTRSR,24,1028
T809A_eTRSR,24,1029
T811A_eTRSR,24,1030
T813A_eTRSR,24,1031
T815A_eTRSR,24,1032
T817A_eTRSR,24,1033
T816A_eTRSR,24,1034
T814A_eTRSR,24,1035
T812A_eTRSR,24,1036
T810A_eTRSR,24,1037
T808A_eTRSR,24,1038
T806A_eTRSR,24,1039
T804A_eTRSR,24,1040
T802A_eTRSR,24,1041
S821A_S801A_ZR,24,1089
S801A_S803A_ZR,24,1090
S801A_S807A_ZR,24,1091
S803A_S809A_ZR,24,1092
S803A_S811A_ZR,24,1093
VS821A_S805A_ZR,24,1094
S805A_S807A_ZR,24,1095
S807A_S809A_ZR,24,1096
S807A_S811A_ZR,24,1097
S802A_S804A_ZR,24,1098
S802A_S808A_ZR,24,1099
S804A_S822A_ZR,24,1100
S804A_S806B_ZR,24,1101
S804A_VS822A_ZR,24,1102
S804A_VS802A_ZR,24,1103
S822A_S832B_ZR,24,1104
S806A_S804A_ZR,24,1105
S806A_S808A_ZR,24,1106
S808A_S806B_ZR,24,1107
S808A_VS822A_ZR,24,1108
S808A_VS802A_ZR,24,1109
VS822A_VS832B_ZR,24,1110
S821A_S801A_HBPR,24,1153
S801A_S803A_HBPR,24,1154
S801A_S807A_HBPR,24,1155
S803A_S809A_HBPR,24,1156
S803A_S811A_HBPR,24,1157
VS821A_S805A_HBPR,24,1158
S805A_S807A_HBPR,24,1159
S807A_S809A_HBPR,24,1160
S807A_S811A_HBPR,24,1161
S802A_S804A_HBPR,24,1162
S802A_S808A_HBPR,24,1163
S804A_S822A_HBPR,24,1164
S804A_S806B_HBPR,24,1165
S804A_VS822A_HBPR,24,1166
S804A_VS802A_HBPR,24,1167
S822A_S832B_HBPR,24,1168
S806A_S804A_HBPR,24,1169
S806A_S808A_HBPR,24,1170
S808A_S806B_HBPR,24,1171
S808A_VS822A_HBPR,24,1172
S808A_VS802A_HBPR,24,1173
VS822A_VS832B_HBPR,24,1174
S821A_S801A_HyR,24,1217
S801A_S803A_HyR,24,1218
S801A_S807A_HyR,24,1219
S803A_S809A_HyR,24,1220
S803A_S811A_HyR,24,1221
VS821A_S805A_HyR,24,1222
S805A_S807A_HyR,24,1223
S807A_S809A_HyR,24,1224
S807A_S811A_HyR,24,1225
S802A_S804A_HyR,24,1226
S802A_S808A_HyR,24,1227
S804A_S822A_HyR,24,1228
S804A_S806B_HyR,24,1229
S804A_VS822A_HyR,24,1230
S804A_VS802A_HyR,24,1231
S822A_S832B_HyR,24,1232
S806A_S804A_HyR,24,1233
S806A_S808A_HyR,24,1234
S808A_S806B_HyR,24,1235
S808A_VS822A_HyR,24,1236
S808A_VS802A_HyR,24,1237
VS822A_VS832B_HyR,24,1238
S821A_S801A_HR,24,1281
S801A_S803A_HR,24,1282
S801A_S807A_HR,24,1283
S803A_S809A_HR,24,1284
S803A_S811A_HR,24,1285
S805A_S807A_HR,24,1286
S807A_S809A_HR,24,1287
S807A_S811A_HR,24,1288
S802A_S804A_HR,24,1289
S802A_S808A_HR,24,1290
S804A_S822A_HR,24,1291
S804A_S806B_HR,24,1292
S822A_S832B_HR,24,1293
S806A_S804A_HR,24,1294
S806A_S808A_HR,24,1295
S808A_S806B_HR,24,1296
ES821A_ES801A_ZR,24,1345
ES801A_ES803A_ZR,24,1346
ES801A_ES809A_ZR,24,1347
ES803A_ES805A_ZR,24,1348
ES803A_ES811A_ZR,24,1349
ES805A_S809A_ZR,24,1350
ES823A_ES807A_ZR,24,1351
ES807A_ES809A_ZR,24,1352
ES809A_ES805A_ZR,24,1353
ES809A_ES811A_ZR,24,1354
ES811A_S811A_ZR,24,1355
ES802A_ES804A_ZR,24,1356
ES802A_ES810A_ZR,24,1357
ES804A_ES806A_ZR,24,1358
ES804A_ES812A_ZR,24,1359
ES806A_ES822A_ZR,24,1360
ES822A_ES832B_ZR,24,1361
ES808A_ES804A_ZR,24,1362
ES808A_ES810A_ZR,24,1363
ES810A_ES812A_ZR,24,1364
ES812A_ES824A_ZR,24,1365
ES824A_ES834B_ZR,24,1366
ES821A_ES801A_HR,24,1409
ES801A_ES803A_HR,24,1410
ES801A_ES809A_HR,24,1411
ES803A_ES805A_HR,24,1412
ES803A_ES811A_HR,24,1413
ES805A_S809A_HR,24,1414
ES823A_ES807A_HR,24,1415
ES807A_ES809A_HR,24,1416
ES809A_ES805A_HR,24,1417
ES809A_ES811A_HR,24,1418
ES811A_S811A_HR,24,1419
ES802A_ES804A_HR,24,1420
ES802A_ES810A_HR,24,1421
ES804A_ES806A_HR,24,1422
ES804A_ES812A_HR,24,1423
ES806A_ES822A_HR,24,1424
ES822A_ES832B_HR,24,1425
ES808A_ES804A_HR,24,1426
ES808A_ES810A_HR,24,1427
ES810A_ES812A_HR,24,1428
ES812A_ES824A_HR,24,1429
ES824A_ES834B_HR,24,1430
P801A_NKR,24,1473
P802A_NKR,24,1474
P803A_NKR,24,1475
P804A_NKR,24,1476
P805A_NKR,24,1477
P806A_NKR,24,1478
P801A_RKR,24,1505
P802A_RKR,24,1506
P803A_RKR,24,1507
P804A_RKR,24,1508
P805A_RKR,24,1509
P806A_RKR,24,1510
P801A_WLBPR,24,1537
P802A_WLBPR,24,1538
P803A_WLBPR,24,1539
P804A_WLBPR,24,1540
P805A_WLBPR,24,1541
P806A_WLBPR,24,1542
So_S821A_HR,25,1
So_S801A_HR,25,3
So_S803A_HR,25,5
So_S805A_HR,25,9
So_S807A_HR,25,11
So_S802A_HR,25,13
So_S804A_HR,25,15
So_S822A_HR,25,17
So_S806A_HR,25,19
So_S808A_HR,25,21
So_S821A_HyR,25,2
So_S801A_HyR,25,4
So_S803A_HyR,25,6
So_VS821A_HyR,25,8
So_S805A_HyR,25,10
So_S807A_HyR,25,12
So_S802A_HyR,25,14
So_S804A_HyR,25,16
So_S822A_HyR,25,18
So_S806A_HyR,25,20
So_S808A_HyR,25,22
So_VS822A_HyR,25,24
So_ES801A_HR,25,129
So_ES802A_HR,25,130
So_ES803A_HR,25,131
So_ES804A_HR,25,132
So_ES805A_HR,25,133
So_ES806A_HR,25,134
So_ES807A_HR,25,135
So_ES808A_HR,25,136
So_ES809A_HR,25,137
So_ES810A_HR,25,138
So_ES811A_HR,25,139
So_ES812A_HR,25,140
So_ES821A_HR,25,141
So_ES822A_HR,25,142
So_ES823A_HR,25,143
So_ES824A_HR,25,144
So_T801A_eTLSR,25,193
So_T803A_eTLSR,25,194
So_T805A_eTLSR,25,195
So_T807A_eTLSR,25,196
So_T809A_eTLSR,25,197
So_T811A_eTLSR,25,198
So_T813A_eTLSR,25,199
So_T815A_eTLSR,25,200
So_T814A_eTLSR,25,201
So_T812A_eTLSR,25,202
So_T810A_eTLSR,25,203
So_T808A_eTLSR,25,204
So_T806A_eTLSR,25,205
So_T804A_eTLSR,25,206
So_T802A_eTLSR,25,207
So_T801A_eTRSR,25,257
So_T803A_eTRSR,25,258
So_T805A_eTRSR,25,259
So_T807A_eTRSR,25,260
So_T809A_eTRSR,25,261
So_T811A_eTRSR,25,262
So_T813A_eTRSR,25,263
So_T815A_eTRSR,25,264
So_T817A_eTRSR,25,265
So_T816A_eTRSR,25,266
So_T814A_eTRSR,25,267
So_T812A_eTRSR,25,268
So_T810A_eTRSR,25,269
So_T808A_eTRSR,25,270
So_T806A_eTRSR,25,271
So_T804A_eTRSR,25,272
So_T802A_eTRSR,25,273
So_T801A_TLSR,25,321
So_T803A_TLSR,25,322
So_T805A_TLSR,25,323
So_T807A_TLSR,25,324
So_T809A_TLSR,25,325
So_T811A_TLSR,25,326
So_T813A_TLSR,25,327
So_T815A_TLSR,25,328
So_T814A_TLSR,25,331
So_T812A_TLSR,25,332
So_T810A_TLSR,25,333
So_T808A_TLSR,25,334
So_T806A_TLSR,25,335
So_T804A_TLSR,25,336
So_T802A_TLSR,25,337
So_T807A_sTLSR,25,338
So_T809A_sTLSR,25,339
So_T810A_sTLSR,25,340
So_T811A_sTLSR,25,341
So_VL802A_SR,25,342
So_VL804A_SR,25,343
So_VL806A_SR,25,344
So_T801A_TRSR,25,385
So_T803A_TRSR,25,386
So_T805A_TRSR,25,387
So_T807A_TRSR,25,388
So_T809A_TRSR,25,389
So_T811A_TRSR,25,390
So_T813A_TRSR,25,391
So_T815A_TRSR,25,392
So_T817A_TRSR,25,393
So_T816A_TRSR,25,394
So_T814A_TRSR,25,395
So_T812A_TRSR,25,396
So_T810A_TRSR,25,397
So_T808A_TRSR,25,398
So_T806A_TRSR,25,399
So_T804A_TRSR,25,400
So_T802A_TRSR,25,401
So_VL801A_SR,25,402
So_VL803A_SR,25,403
So_VL805A_SR,25,404
So_VL807A_SR,25,405
So_P801A_NKR,25,449
So_P802A_NKR,25,450
So_P803A_NKR,25,451
So_P804A_NKR,25,452
So_P805A_NKR,25,453
So_P806A_NKR,25,454
So_P801A_RKR,25,497
So_P802A_RKR,25,498
So_P803A_RKR,25,499
So_P804A_RKR,25,500
So_P805A_RKR,25,501
So_P806A_RKR,25,502
So_T801A_CE_TR,25,545
So_T803A_CE_TR,25,546
So_T805A_CE_TR,25,547
So_T807A_CE_TR,25,548
So_T809A_CE_TR,25,549
So_T811A_CE_TR,25,550
So_T813A_CE_TR,25,551
So_T815A_CE_TR,25,552
So_T817A_CE_TR,25,553
So_T816A_CE_TR,25,554
So_T814A_CE_TR,25,555
So_T812A_CE_TR,25,556
So_T810A_CE_TR,25,557
So_T808A_CE_TR,25,558
So_T806A_CE_TR,25,559
So_T804A_CE_TR,25,560
So_T802A_CE_TR,25,561
So_ESP801A,25,609
So_ESP802A,25,610
So_ESP803A,25,611
So_ESP804A,25,612
So_PSD801A_acl,25,641
So_PSD802A_acl,25,642
So_PSD803A_acl,25,643
So_PSD804A_acl,25,644
So_PSD801A_ior,25,673
So_PSD802A_ior,25,674
So_PSD803A_ior,25,675
So_PSD804A_ior,25,676
So_PSD801A_lor,25,705
So_PSD802A_lor,25,706
So_PSD803A_lor,25,707
So_PSD804A_lor,25,708
So_P801A_WLBPR,25,737
So_P802A_WLBPR,25,738
So_P803A_WLBPR,25,739
So_P804A_WLBPR,25,740
So_P805A_WLBPR,25,741
So_P806A_WLBPR,25,742
So801_SC_CHR,25,785
So802_SC_CHR,25,786
So_MBL801A,25,849
So_MBL803A,25,850
So_MBL805A,25,851
So_MBL807A,25,852
So_MBL809A,25,853
So_MBL813A,25,854
So_MBL817A,25,855
So_MBL802A,25,856
So_MBL804A,25,857
So_MBL806A,25,858
So_MBL808A,25,859
So_MBL812A,25,860
So_MBL816A,25,861
So_P801A_ALT5,25,897
So_P802A_ALT5,25,898
So_P803A_ALT5,25,899
So_P804A_ALT5,25,900
So_P805A_ALT5,25,901
So_P806A_ALT5,25,902
MBL801A,26,1
MBL803A,26,2
MBL805A,26,3
MBL807A,26,4
MBL809A,26,5
MBL813A,26,6
MBL817A,26,7
MBL802A,26,8
MBL804A,26,9
MBL806A,26,10
MBL808A,26,11
MBL812A,26,12
MBL816A,26,13
RBL_S821A_S801A,26,49
RBL_S801A_S803A,26,50
RBL_S801A_S807A,26,51
RBL_S803A_S809A,26,52
RBL_S803A_S811A,26,53
RBL_VS821A_S805A,26,54
RBL_S805A_S807A,26,55
RBL_S807A_S809A,26,56
RBL_S807A_S811A,26,57
RBL_S802A_S804A,26,58
RBL_S802A_S808A,26,59
RBL_S804A_S822A,26,60
RBL_S804A_S806B,26,61
RBL_S804A_VS822A,26,62
RBL_S804A_VS802A,26,63
RBL_S822A_S832B,26,64
RBL_S806A_S804A,26,65
RBL_S806A_S808A,26,66
RBL_S808A_S806B,26,67
RBL_S808A_VS822A,26,68
RBL_S808A_VS802A,26,69
RBL_VS822A_VS832B,26,70
SBL_S821A,26,113
SBL_S801A,26,114
SBL_S803A,26,115
SBL_VS821A,26,116
SBL_S805A,26,117
SBL_S807A,26,118
SBL_S802A,26,119
SBL_S804A,26,120
SBL_S822A,26,121
SBL_S806A,26,122
SBL_S808A,26,123
SBL_VS822A,26,124
GSBLA,26,125
PBL801A,26,161
PBL802A,26,162
PBL803A,26,163
PBL804A,26,164
PBL805A,26,165
PBL806A,26,166
MA801A,26,177
MA802A,26,178
MA803A,26,179
DELAY_R,27,1
ON_R,27,2
START,27,3
ATS_VDU_FB,27,4
CBI_CHR,27,5
T801A_CE_CHR,27,17
T803A_CE_CHR,27,18
T805A_CE_CHR,27,19
T807A_CE_CHR,27,20
T809A_CE_CHR,27,21
T811A_CE_CHR,27,22
T813A_CE_CHR,27,23
T815A_CE_CHR,27,24
T817A_CE_CHR,27,25
T816A_CE_CHR,27,26
T814A_CE_CHR,27,27
T812A_CE_CHR,27,28
T810A_CE_CHR,27,29
T808A_CE_CHR,27,30
T806A_CE_CHR,27,31
T804A_CE_CHR,27,32
T802A_CE_CHR,27,33
MBL801A_OFF_K,27,81
MBL803A_OFF_K,27,82
MBL805A_OFF_K,27,83
MBL807A_OFF_K,27,84
MBL809A_OFF_K,27,85
MBL813A_OFF_K,27,86
MBL817A_OFF_K,27,87
MBL802A_OFF_K,27,88
MBL804A_OFF_K,27,89
MBL806A_OFF_K,27,90
MBL808A_OFF_K,27,91
MBL812A_OFF_K,27,92
MBL816A_OFF_K,27,93
MBL801A_OFF_W,27,129
MBL803A_OFF_W,27,130
MBL805A_OFF_W,27,131
MBL807A_OFF_W,27,132
MBL809A_OFF_W,27,133
MBL813A_OFF_W,27,134
MBL817A_OFF_W,27,135
MBL802A_OFF_W,27,136
MBL804A_OFF_W,27,137
MBL806A_OFF_W,27,138
MBL808A_OFF_W,27,139
MBL812A_OFF_W,27,140
MBL816A_OFF_W,27,141
MBL801A_OFF_D,27,177
MBL803A_OFF_D,27,178
MBL805A_OFF_D,27,179
MBL807A_OFF_D,27,180
MBL809A_OFF_D,27,181
MBL813A_OFF_D,27,182
MBL817A_OFF_D,27,183
MBL802A_OFF_D,27,184
MBL804A_OFF_D,27,185
MBL806A_OFF_D,27,186
MBL808A_OFF_D,27,187
MBL812A_OFF_D,27,188
MBL816A_OFF_D,27,189
B_S821A_S801A_OK,27,225
B_S801A_S803A_OK,27,226
B_S801A_S807A_OK,27,227
B_S803A_S809A_OK,27,228
B_S803A_S811A_OK,27,229
B_VS821A_S805A_OK,27,230
B_S805A_S807A_OK,27,231
B_S807A_S809A_OK,27,232
B_S807A_S811A_OK,27,233
B_S802A_S804A_OK,27,234
B_S802A_S808A_OK,27,235
B_S804A_S822A_OK,27,236
B_S804A_S806B_OK,27,237
B_S804A_VS822A_OK,27,238
B_S804A_VS802A_OK,27,239
B_S822A_S832B_OK,27,240
B_S806A_S804A_OK,27,241
B_S806A_S808A_OK,27,242
B_S808A_S806B_OK,27,243
B_S808A_VS822A_OK,27,244
B_S808A_VS802A_OK,27,245
B_VS822A_VS832B_OK,27,246
B_S821A_S801A_OW,27,289
B_S801A_S803A_OW,27,290
B_S801A_S807A_OW,27,291
B_S803A_S809A_OW,27,292
B_S803A_S811A_OW,27,293
B_VS821A_S805A_OW,27,294
B_S805A_S807A_OW,27,295
B_S807A_S809A_OW,27,296
B_S807A_S811A_OW,27,297
B_S802A_S804A_OW,27,298
B_S802A_S808A_OW,27,299
B_S804A_S822A_OW,27,300
B_S804A_S806B_OW,27,301
B_S804A_VS822A_OW,27,302
B_S804A_VS802A_OW,27,303
B_S822A_S832B_OW,27,304
B_S806A_S804A_OW,27,305
B_S806A_S808A_OW,27,306
B_S808A_S806B_OW,27,307
B_S808A_VS822A_OW,27,308
B_S808A_VS802A_OW,27,309
B_VS822A_VS832B_OW,27,310
B_S821A_S801A_OD,27,353
B_S801A_S803A_OD,27,354
B_S801A_S807A_OD,27,355
B_S803A_S809A_OD,27,356
B_S803A_S811A_OD,27,357
B_VS821A_S805A_OD,27,358
B_S805A_S807A_OD,27,359
B_S807A_S809A_OD,27,360
B_S807A_S811A_OD,27,361
B_S802A_S804A_OD,27,362
B_S802A_S808A_OD,27,363
B_S804A_S822A_OD,27,364
B_S804A_S806B_OD,27,365
B_S804A_VS822A_OD,27,366
B_S804A_VS802A_OD,27,367
B_S822A_S832B_OD,27,368
B_S806A_S804A_OD,27,369
B_S806A_S808A_OD,27,370
B_S808A_S806B_OD,27,371
B_S808A_VS822A_OD,27,372
B_S808A_VS802A_OD,27,373
B_VS822A_VS832B_OD,27,374
SBL_S821A_OFF_K,27,417
SBL_S801A_OFF_K,27,418
SBL_S803A_OFF_K,27,419
SBL_VS821A_OFF_K,27,420
SBL_S805A_OFF_K,27,421
SBL_S807A_OFF_K,27,422
SBL_S802A_OFF_K,27,423
SBL_S804A_OFF_K,27,424
SBL_S822A_OFF_K,27,425
SBL_S806A_OFF_K,27,426
SBL_S808A_OFF_K,27,427
SBL_VS822A_OFF_K,27,428
GSBLA_OFF_K,27,429
SBL_S821A_OFF_W,27,465
SBL_S801A_OFF_W,27,466
SBL_S803A_OFF_W,27,467
SBL_VS821A_OFF_W,27,468
SBL_S805A_OFF_W,27,469
SBL_S807A_OFF_W,27,470
SBL_S802A_OFF_W,27,471
SBL_S804A_OFF_W,27,472
SBL_S822A_OFF_W,27,473
SBL_S806A_OFF_W,27,474
SBL_S808A_OFF_W,27,475
SBL_VS822A_OFF_W,27,476
GSBLA_OFF_W,27,477
SBL_S821A_OFF_D,27,513
SBL_S801A_OFF_D,27,514
SBL_S803A_OFF_D,27,515
SBL_VS821A_OFF_D,27,516
SBL_S805A_OFF_D,27,517
SBL_S807A_OFF_D,27,518
SBL_S802A_OFF_D,27,519
SBL_S804A_OFF_D,27,520
SBL_S822A_OFF_D,27,521
SBL_S806A_OFF_D,27,522
SBL_S808A_OFF_D,27,523
SBL_VS822A_OFF_D,27,524
GSBLA_OFF_D,27,525
PBL801A_OFF_K,27,561
PBL802A_OFF_K,27,562
PBL803A_OFF_K,27,563
PBL804A_OFF_K,27,564
PBL805A_OFF_K,27,565
PBL806A_OFF_K,27,566
PBL801A_OFF_W,27,577
PBL802A_OFF_W,27,578
PBL803A_OFF_W,27,579
PBL804A_OFF_W,27,580
PBL805A_OFF_W,27,581
PBL806A_OFF_W,27,582
PBL801A_OFF_D,27,593
PBL802A_OFF_D,27,594
PBL803A_OFF_D,27,595
PBL804A_OFF_D,27,596
PBL805A_OFF_D,27,597
PBL806A_OFF_D,27,598
PBL801A_LR,27,609
PBL802A_LR,27,610
PBL803A_LR,27,611
PBL804A_LR,27,612
PBL805A_LR,27,613
PBL806A_LR,27,614
MA801A_OFF_K,27,625
MA802A_OFF_K,27,626
MA803A_OFF_K,27,627
MA801A_OFF_W,27,641
MA802A_OFF_W,27,642
MA803A_OFF_W,27,643
MA801A_OFF_D,27,657
MA802A_OFF_D,27,658
MA803A_OFF_D,27,659
P801A_MA,27,673
P802A_MA,27,674
P803A_MA,27,675
P804A_MA,27,676
P805A_MA,27,677
P806A_MA,27,678
CY801A,27,801
CY802A,27,802
CY803A,27,803
CY804A,27,804
CY805A,27,805
CY806A,27,806
CY807A,27,807
FRS821A_S801A,27,817
FRS801A_S803A,27,818
FRS804A_S822A,27,819
FRS822A_S832B,27,820
S821A_S801A_TORR,27,833
S801A_S803A_TORR,27,834
S801A_S807A_TORR,27,835
S803A_S809A_TORR,27,836
S803A_S811A_TORR,27,837
VS821A_S805A_TORR,27,838
S805A_S807A_TORR,27,839
S807A_S809A_TORR,27,840
S807A_S811A_TORR,27,841
S802A_S804A_TORR,27,842
S802A_S808A_TORR,27,843
S804A_S822A_TORR,27,844
S804A_S806B_TORR,27,845
S804A_VS822A_TORR,27,846
S804A_VS802A_TORR,27,847
S822A_S832B_TORR,27,848
S806A_S804A_TORR,27,849
S806A_S808A_TORR,27,850
S808A_S806B_TORR,27,851
S808A_VS822A_TORR,27,852
S808A_VS802A_TORR,27,853
VS822A_VS832B_TORR,27,854
S821A_S801A_RR1R,27,897
S801A_S803A_RR1R,27,898
S801A_S807A_RR1R,27,899
S803A_S809A_RR1R,27,900
S803A_S811A_RR1R,27,901
VS821A_S805A_RR1R,27,902
S805A_S807A_RR1R,27,903
S807A_S809A_RR1R,27,904
S807A_S811A_RR1R,27,905
S802A_S804A_RR1R,27,906
S802A_S808A_RR1R,27,907
S804A_S822A_RR1R,27,908
S804A_S806B_RR1R,27,909
S804A_VS822A_RR1R,27,910
S804A_VS802A_RR1R,27,911
S822A_S832B_RR1R,27,912
S806A_S804A_RR1R,27,913
S806A_S808A_RR1R,27,914
S808A_S806B_RR1R,27,915
S808A_VS822A_RR1R,27,916
S808A_VS802A_RR1R,27,917
VS822A_VS832B_RR1R,27,918
S821A_S801A_RR2R,27,961
S801A_S803A_RR2R,27,962
S801A_S807A_RR2R,27,963
S803A_S809A_RR2R,27,964
S803A_S811A_RR2R,27,965
VS821A_S805A_RR2R,27,966
S805A_S807A_RR2R,27,967
S807A_S809A_RR2R,27,968
S807A_S811A_RR2R,27,969
S802A_S804A_RR2R,27,970
S802A_S808A_RR2R,27,971
S804A_S822A_RR2R,27,972
S804A_S806B_RR2R,27,973
S804A_VS822A_RR2R,27,974
S804A_VS802A_RR2R,27,975
S822A_S832B_RR2R,27,976
S806A_S804A_RR2R,27,977
S806A_S808A_RR2R,27,978
S808A_S806B_RR2R,27,979
S808A_VS822A_RR2R,27,980
S808A_VS802A_RR2R,27,981
VS822A_VS832B_RR2R,27,982
S821A_S801A_AR,27,1025
S801A_S803A_AR,27,1026
S801A_S807A_AR,27,1027
S803A_S809A_AR,27,1028
S803A_S811A_AR,27,1029
VS821A_S805A_AR,27,1030
S805A_S807A_AR,27,1031
S807A_S809A_AR,27,1032
S807A_S811A_AR,27,1033
S802A_S804A_AR,27,1034
S802A_S808A_AR,27,1035
S804A_S822A_AR,27,1036
S804A_S806B_AR,27,1037
S804A_VS822A_AR,27,1038
S804A_VS802A_AR,27,1039
S822A_S832B_AR,27,1040
S806A_S804A_AR,27,1041
S806A_S808A_AR,27,1042
S808A_S806B_AR,27,1043
S808A_VS822A_AR,27,1044
S808A_VS802A_AR,27,1045
VS822A_VS832B_AR,27,1046
S821A_S801A_TSP1R,27,1089
S801A_S803A_TSP1R,27,1090
S801A_S807A_TSP1R,27,1091
S803A_S809A_TSP1R,27,1092
S803A_S811A_TSP1R,27,1093
VS821A_S805A_TSP1R,27,1094
S805A_S807A_TSP1R,27,1095
S807A_S809A_TSP1R,27,1096
S807A_S811A_TSP1R,27,1097
S802A_S804A_TSP1R,27,1098
S802A_S808A_TSP1R,27,1099
S804A_S822A_TSP1R,27,1100
S804A_S806B_TSP1R,27,1101
S804A_VS822A_TSP1R,27,1102
S804A_VS802A_TSP1R,27,1103
S822A_S832B_TSP1R,27,1104
S806A_S804A_TSP1R,27,1105
S806A_S808A_TSP1R,27,1106
S808A_S806B_TSP1R,27,1107
S808A_VS822A_TSP1R,27,1108
S808A_VS802A_TSP1R,27,1109
VS822A_VS832B_TSP1R,27,1110
S821A_S801A_TSSlR,27,1153
S801A_S803A_TSSlR,27,1154
S801A_S807A_TSSlR,27,1155
S803A_S809A_TSSlR,27,1156
S803A_S811A_TSSlR,27,1157
VS821A_S805A_TSSlR,27,1158
S805A_S807A_TSSlR,27,1159
S807A_S809A_TSSlR,27,1160
S807A_S811A_TSSlR,27,1161
S802A_S804A_TSSlR,27,1162
S802A_S808A_TSSlR,27,1163
S804A_S822A_TSSlR,27,1164
S804A_S806B_TSSlR,27,1165
S804A_VS822A_TSSlR,27,1166
S804A_VS802A_TSSlR,27,1167
S822A_S832B_TSSlR,27,1168
S806A_S804A_TSSlR,27,1169
S806A_S808A_TSSlR,27,1170
S808A_S806B_TSSlR,27,1171
S808A_VS822A_TSSlR,27,1172
S808A_VS802A_TSSlR,27,1173
VS822A_VS832B_TSSlR,27,1174
S821A_S801A_MSlR,27,1217
S801A_S803A_MSlR,27,1218
S801A_S807A_MSlR,27,1219
S803A_S809A_MSlR,27,1220
S803A_S811A_MSlR,27,1221
VS821A_S805A_MSlR,27,1222
S805A_S807A_MSlR,27,1223
S807A_S809A_MSlR,27,1224
S807A_S811A_MSlR,27,1225
S802A_S804A_MSlR,27,1226
S802A_S808A_MSlR,27,1227
S804A_S822A_MSlR,27,1228
S804A_S806B_MSlR,27,1229
S804A_VS822A_MSlR,27,1230
S804A_VS802A_MSlR,27,1231
S822A_S832B_MSlR,27,1232
S806A_S804A_MSlR,27,1233
S806A_S808A_MSlR,27,1234
S808A_S806B_MSlR,27,1235
S808A_VS822A_MSlR,27,1236
S808A_VS802A_MSlR,27,1237
VS822A_VS832B_MSlR,27,1238
S821A_S801A_TE,27,1281
S801A_S803A_TE,27,1282
S801A_S807A_TE,27,1283
S803A_S809A_TE,27,1284
S803A_S811A_TE,27,1285
VS821A_S805A_TE,27,1286
S805A_S807A_TE,27,1287
S807A_S809A_TE,27,1288
S807A_S811A_TE,27,1289
S802A_S804A_TE,27,1290
S802A_S808A_TE,27,1291
S804A_S822A_TE,27,1292
S804A_S806B_TE,27,1293
S804A_VS822A_TE,27,1294
S804A_VS802A_TE,27,1295
S822A_S832B_TE,27,1296
S806A_S804A_TE,27,1297
S806A_S808A_TE,27,1298
S808A_S806B_TE,27,1299
S808A_VS822A_TE,27,1300
S808A_VS802A_TE,27,1301
VS822A_VS832B_TE,27,1302
VL801A_SR,27,1345
VL802A_SR,27,1346
VL803A_SR,27,1347
VL804A_SR,27,1348
VL805A_SR,27,1349
VL806A_SR,27,1350
VL807A_SR,27,1351
VL801A_ON,27,1361
VL802A_ON,27,1362
VL803A_ON,27,1363
VL804A_ON,27,1364
VL805A_ON,27,1365
VL806A_ON,27,1366
VL807A_ON,27,1367
VL801A_R,27,1377
VL802A_R,27,1378
VL803A_R,27,1379
VL804A_R,27,1380
VL805A_R,27,1381
VL806A_R,27,1382
VL807A_R,27,1383
VL801A_UR,27,1393
VL802A_UR,27,1394
VL803A_UR,27,1395
VL804A_UR,27,1396
VL805A_UR,27,1397
VL806A_UR,27,1398
VL807A_UR,27,1399
L_P801A_N,27,1409
L_P802A_N,27,1410
L_P803A_N,27,1411
L_P804A_N,27,1412
L_P805A_N,27,1413
L_P806A_N,27,1414
L_P801A_R,27,1425
L_P802A_R,27,1426
L_P803A_R,27,1427
L_P804A_R,27,1428
L_P805A_R,27,1429
L_P806A_R,27,1430
P801A_WLR,27,1441
P802A_WLR,27,1442
P803A_WLR,27,1443
P804A_WLR,27,1444
P805A_WLR,27,1445
P806A_WLR,27,1446
P801A_N,27,1457
P802A_N,27,1458
P803A_N,27,1459
P804A_N,27,1460
P805A_N,27,1461
P806A_N,27,1462
P801A_R,27,1473
P802A_R,27,1474
P803A_R,27,1475
P804A_R,27,1476
P805A_R,27,1477
P806A_R,27,1478
P801A_NRR,27,1521
P802A_NRR,27,1522
P803A_NRR,27,1523
P804A_NRR,27,1524
P805A_NRR,27,1525
P806A_NRR,27,1526
P801A_NRSlPR,27,1537
P802A_NRSlPR,27,1538
P803A_NRSlPR,27,1539
P804A_NRSlPR,27,1540
P805A_NRSlPR,27,1541
P806A_NRSlPR,27,1542
P801A_NRSlR,27,1553
P802A_NRSlR,27,1554
P803A_NRSlR,27,1555
P804A_NRSlR,27,1556
P805A_NRSlR,27,1557
P806A_NRSlR,27,1558
P801A_NRSTR,27,1569
P802A_NRSTR,27,1570
P803A_NRSTR,27,1571
P804A_NRSTR,27,1572
P805A_NRSTR,27,1573
P806A_NRSTR,27,1574
P801A_NR,27,1585
P802A_NR,27,1586
P803A_NR,27,1587
P804A_NR,27,1588
P805A_NR,27,1589
P806A_NR,27,1590
P801A_RR,27,1601
P802A_RR,27,1602
P803A_RR,27,1603
P804A_RR,27,1604
P805A_RR,27,1605
P806A_RR,27,1606
P801A_TMR,27,1617
P802A_TMR,27,1618
P803A_TMR,27,1619
P804A_TMR,27,1620
P805A_TMR,27,1621
P806A_TMR,27,1622
S821A_HR,27,1633
S801A_HR,27,1634
S803A_HR,27,1635
S805A_HR,27,1636
S807A_HR,27,1637
S802A_HR,27,1638
S804A_HR,27,1639
S822A_HR,27,1640
S806A_HR,27,1641
S808A_HR,27,1642
S821A_HyR,27,1681
S801A_HyR,27,1682
S803A_HyR,27,1683
VS821A_HyR,27,1684
S805A_HyR,27,1685
S807A_HyR,27,1686
S802A_HyR,27,1687
S804A_HyR,27,1688
S822A_HyR,27,1689
S806A_HyR,27,1690
S808A_HyR,27,1691
VS822A_HyR,27,1692
S821A_GK,27,1777
S801A_GK,27,1778
S803A_GK,27,1779
S805A_GK,27,1780
S807A_GK,27,1781
S802A_GK,27,1782
S804A_GK,27,1783
S822A_GK,27,1784
S806A_GK,27,1785
S808A_GK,27,1786
S821A_VK,27,1825
S801A_VK,27,1826
S803A_VK,27,1827
S805A_VK,27,1828
S807A_VK,27,1829
S802A_VK,27,1830
S804A_VK,27,1831
S822A_VK,27,1832
S806A_VK,27,1833
S808A_VK,27,1834
S821A_HBPR,27,1873
S801A_HBPR,27,1874
S803A_HBPR,27,1875
VS821A_HBPR,27,1876
S805A_HBPR,27,1877
S807A_HBPR,27,1878
S802A_HBPR,27,1879
S804A_HBPR,27,1880
S822A_HBPR,27,1881
S806A_HBPR,27,1882
S808A_HBPR,27,1883
VS822A_HBPR,27,1884
S821A_G_CHR,27,1921
S801A_G_CHR,27,1922
S803A_G_CHR,27,1923
S805A_G_CHR,27,1924
S807A_G_CHR,27,1925
S802A_G_CHR,27,1926
S804A_G_CHR,27,1927
S822A_G_CHR,27,1928
S806A_G_CHR,27,1929
S808A_G_CHR,27,1930
S821A_V_CHR,27,1969
S801A_V_CHR,27,1970
S803A_V_CHR,27,1971
S805A_V_CHR,27,1972
S807A_V_CHR,27,1973
S802A_V_CHR,27,1974
S804A_V_CHR,27,1975
S822A_V_CHR,27,1976
S806A_V_CHR,27,1977
S808A_V_CHR,27,1978
S821A_R_CHR,27,2017
S801A_R_CHR,27,2018
S803A_R_CHR,27,2019
S805A_R_CHR,27,2020
S807A_R_CHR,27,2021
S802A_R_CHR,27,2022
S804A_R_CHR,27,2023
S822A_R_CHR,27,2024
S806A_R_CHR,27,2025
S808A_R_CHR,27,2026
S821A_G_Fid,27,2065
S801A_G_Fid,27,2066
S803A_G_Fid,27,2067
S805A_G_Fid,27,2068
S807A_G_Fid,27,2069
S802A_G_Fid,27,2070
S804A_G_Fid,27,2071
S822A_G_Fid,27,2072
S806A_G_Fid,27,2073
S808A_G_Fid,27,2074
S821A_V_Fid,27,2113
S801A_V_Fid,27,2114
S803A_V_Fid,27,2115
S805A_V_Fid,27,2116
S807A_V_Fid,27,2117
S802A_V_Fid,27,2118
S804A_V_Fid,27,2119
S822A_V_Fid,27,2120
S806A_V_Fid,27,2121
S808A_V_Fid,27,2122
S821A_R_Fid,27,2161
S801A_R_Fid,27,2162
S803A_R_Fid,27,2163
S805A_R_Fid,27,2164
S807A_R_Fid,27,2165
S802A_R_Fid,27,2166
S804A_R_Fid,27,2167
S822A_R_Fid,27,2168
S806A_R_Fid,27,2169
S808A_R_Fid,27,2170
VS821A_HyPR,27,2209
VS822A_HyPR,27,2210
ES801A_HR,27,2225
ES802A_HR,27,2226
ES803A_HR,27,2227
ES804A_HR,27,2228
ES805A_HR,27,2229
ES806A_HR,27,2230
ES807A_HR,27,2231
ES808A_HR,27,2232
ES809A_HR,27,2233
ES810A_HR,27,2234
ES811A_HR,27,2235
ES812A_HR,27,2236
ES821A_HR,27,2237
ES822A_HR,27,2238
ES823A_HR,27,2239
ES824A_HR,27,2240
S801A_MK,27,2273
S801A_DK,27,2274
S802A_MK,27,2275
S802A_DK,27,2276
S803A_MK,27,2277
S803A_DK,27,2278
S804A_MK,27,2279
S804A_DK,27,2280
S806A_MK,27,2281
S806A_DK,27,2282
S807A_MK,27,2283
S807A_DK,27,2284
S801A_MK_CHR,27,2321
S801A_DK_CHR,27,2322
S802A_MK_CHR,27,2323
S802A_DK_CHR,27,2324
S803A_MK_CHR,27,2325
S803A_DK_CHR,27,2326
S804A_MK_CHR,27,2327
S804A_DK_CHR,27,2328
S806A_MK_CHR,27,2329
S806A_DK_CHR,27,2330
S807A_MK_CHR,27,2331
S807A_DK_CHR,27,2332
S801A_MK_Fid,27,2369
S801A_DK_Fid,27,2370
S802A_MK_Fid,27,2371
S802A_DK_Fid,27,2372
S803A_MK_Fid,27,2373
S803A_DK_Fid,27,2374
S804A_MK_Fid,27,2375
S804A_DK_Fid,27,2376
S806A_MK_Fid,27,2377
S806A_DK_Fid,27,2378
S807A_MK_Fid,27,2379
S807A_DK_Fid,27,2380
S801A_RI_Fid,27,2417
S802A_RI_Fid,27,2418
S803A_RI_Fid,27,2419
S804A_RI_Fid,27,2420
S806A_RI_Fid,27,2421
S807A_RI_Fid,27,2422
S809A_BS_Fid,27,2433
S811A_BS_Fid,27,2434
ESP801A,27,2449
ESP802A,27,2450
ESP803A,27,2451
ESP804A,27,2452
T803A_CTS,27,2481
T813A_CTS,27,2482
T812A_CTS,27,2483
T804A_CTS,27,2484
T810A_CTAR,27,2513
T811A_CTAR,27,2514
T814A_CTAR,27,2515
T815A_CTAR,27,2516
CY801B,27,2545
CY802B,27,2546
CY803B,27,2547
CY804B,27,2548
CY805B,27,2549
CY806B,27,2550
CY807B,27,2551
CY808B,27,2552
CY809B,27,2553
CY810B,27,2554
FRS821B_S801B,27,2561
FRS801B_S803B,27,2562
FRS803B_S831B,27,2563
FRS831B_S821A,27,2564
FRS832B_S802B,27,2565
FRS802B_S804B,27,2566
FRS804B_S822B,27,2567
FRS822B_S862C,27,2568
MBL801B,27,2593
MBL803B,27,2594
MBL805B,27,2595
MBL807B,27,2596
MBL809B,27,2597
MBL815B,27,2598
MBL821B,27,2599
MBL823B,27,2600
MBL825B,27,2601
MBL827B,27,2602
MBL831B,27,2603
MBL802B,27,2604
MBL804B,27,2605
MBL806B,27,2606
MBL808B,27,2607
MBL814B,27,2608
MBL820B,27,2609
MBL822B,27,2610
MBL824B,27,2611
MBL826B,27,2612
MBL828B,27,2613
EM877_S,27,2689
EM878_S,27,2690
EM877_ER,27,2705
EM878_ER,27,2706
T817A_First,27,2721
T816A_First,27,2722
T807A_ANER,27,2753
T806A_ANER,27,2754
T803A_ANEBR,27,2801
T813A_ANEBR,27,2802
T812A_ANEBR,27,2803
T804A_ANEBR,27,2804
T801AV2_ATR,27,2849
T806AV1_ATR,27,2850
T806AV2_ATR,27,2851
T806AV3_ATR,27,2852
T807AV1_ATR,27,2853
T807AV2_ATR,27,2854
T807AV3_ATR,27,2855
T816AV1_ATR,27,2856
T817AV1_ATR,27,2857
T828BV1_ATR,27,2858
T803A_LHSR,27,2913
T813A_LHSR,27,2914
T812A_LHSR,27,2915
T804A_LHSR,27,2916
T803A_RHSR,27,2961
T813A_RHSR,27,2962
T817A_RHSR,27,2963
T816A_RHSR,27,2964
T812A_RHSR,27,2965
T804A_RHSR,27,2966
T803A_LSR,27,3009
T804A_RSR,27,3057
T801A_TLSR_CLR,27,3105
T805A_TLSR_CLR,27,3106
T807A_TLSR_CLR,27,3107
T809A_TLSR_CLR,27,3108
T811A_TLSR_CLR,27,3109
T815A_TLSR_CLR,27,3110
T814A_TLSR_CLR,27,3111
T810A_TLSR_CLR,27,3112
T808A_TLSR_CLR,27,3113
T806A_TLSR_CLR,27,3114
T802A_TLSR_CLR,27,3115
T801A_TRSR_CLR,27,3169
T805A_TRSR_CLR,27,3170
T807A_TRSR_CLR,27,3171
T809A_TRSR_CLR,27,3172
T811A_TRSR_CLR,27,3173
T815A_TRSR_CLR,27,3174
T814A_TRSR_CLR,27,3175
T810A_TRSR_CLR,27,3176
T808A_TRSR_CLR,27,3177
T806A_TRSR_CLR,27,3178
T802A_TRSR_CLR,27,3179
T807A_sTLSR_CLR,27,3233
T809A_sTLSR_CLR,27,3234
T811A_sTLSR_CLR,27,3235
T810A_sTLSR_CLR,27,3236
T801A_TLSR_CLR_K,27,3265
T805A_TLSR_CLR_K,27,3266
T807A_TLSR_CLR_K,27,3267
T809A_TLSR_CLR_K,27,3268
T811A_TLSR_CLR_K,27,3269
T815A_TLSR_CLR_K,27,3270
T814A_TLSR_CLR_K,27,3271
T810A_TLSR_CLR_K,27,3272
T808A_TLSR_CLR_K,27,3273
T806A_TLSR_CLR_K,27,3274
T802A_TLSR_CLR_K,27,3275
T801A_TLSR_CLR_W,27,3329
T805A_TLSR_CLR_W,27,3330
T807A_TLSR_CLR_W,27,3331
T809A_TLSR_CLR_W,27,3332
T811A_TLSR_CLR_W,27,3333
T815A_TLSR_CLR_W,27,3334
T814A_TLSR_CLR_W,27,3335
T810A_TLSR_CLR_W,27,3336
T808A_TLSR_CLR_W,27,3337
T806A_TLSR_CLR_W,27,3338
T802A_TLSR_CLR_W,27,3339
T801A_TLSR_CLR_D,27,3393
T805A_TLSR_CLR_D,27,3394
T807A_TLSR_CLR_D,27,3395
T809A_TLSR_CLR_D,27,3396
T811A_TLSR_CLR_D,27,3397
T815A_TLSR_CLR_D,27,3398
T814A_TLSR_CLR_D,27,3399
T810A_TLSR_CLR_D,27,3400
T808A_TLSR_CLR_D,27,3401
T806A_TLSR_CLR_D,27,3402
T802A_TLSR_CLR_D,27,3403
T801A_TRSR_CLR_K,27,3457
T805A_TRSR_CLR_K,27,3458
T807A_TRSR_CLR_K,27,3459
T809A_TRSR_CLR_K,27,3460
T811A_TRSR_CLR_K,27,3461
T815A_TRSR_CLR_K,27,3462
T814A_TRSR_CLR_K,27,3463
T810A_TRSR_CLR_K,27,3464
T808A_TRSR_CLR_K,27,3465
T806A_TRSR_CLR_K,27,3466
T802A_TRSR_CLR_K,27,3467
T801A_TRSR_CLR_W,27,3521
T805A_TRSR_CLR_W,27,3522
T807A_TRSR_CLR_W,27,3523
T809A_TRSR_CLR_W,27,3524
T811A_TRSR_CLR_W,27,3525
T815A_TRSR_CLR_W,27,3526
T814A_TRSR_CLR_W,27,3527
T810A_TRSR_CLR_W,27,3528
T808A_TRSR_CLR_W,27,3529
T806A_TRSR_CLR_W,27,3530
T802A_TRSR_CLR_W,27,3531
T801A_TRSR_CLR_D,27,3585
T805A_TRSR_CLR_D,27,3586
T807A_TRSR_CLR_D,27,3587
T809A_TRSR_CLR_D,27,3588
T811A_TRSR_CLR_D,27,3589
T815A_TRSR_CLR_D,27,3590
T814A_TRSR_CLR_D,27,3591
T810A_TRSR_CLR_D,27,3592
T808A_TRSR_CLR_D,27,3593
T806A_TRSR_CLR_D,27,3594
T802A_TRSR_CLR_D,27,3595
T807A_sTLSR_CLR_K,27,3649
T809A_sTLSR_CLR_K,27,3650
T811A_sTLSR_CLR_K,27,3651
T810A_sTLSR_CLR_K,27,3652
T807A_sTLSR_CLR_W,27,3665
T809A_sTLSR_CLR_W,27,3666
T811A_sTLSR_CLR_W,27,3667
T810A_sTLSR_CLR_W,27,3668
T807A_sTLSR_CLR_D,27,3681
T809A_sTLSR_CLR_D,27,3682
T811A_sTLSR_CLR_D,27,3683
T810A_sTLSR_CLR_D,27,3684
EM877_D,27,3745
EM878_D,27,3746
EM879_D,27,3747
EM880_D,27,3748
EM881_D,27,3749
EM882_D,27,3750
VS821A_S805A_ASPR,27,3777
VS822A_VS832B_ASPR,27,3778
S821A_ALT1,28,6145
S801A_ALT1,28,6146
S803A_ALT1,28,6147
S805A_ALT1,28,6148
S807A_ALT1,28,6149
S802A_ALT1,28,6150
S804A_ALT1,28,6151
S822A_ALT1,28,6152
S806A_ALT1,28,6153
S808A_ALT1,28,6154
S821A_ALT2,28,6209
S801A_ALT2,28,6210
S803A_ALT2,28,6211
S805A_ALT2,28,6212
S807A_ALT2,28,6213
S802A_ALT2,28,6214
S804A_ALT2,28,6215
S822A_ALT2,28,6216
S806A_ALT2,28,6217
S808A_ALT2,28,6218
P801A_ALT1,28,6337
P802A_ALT1,28,6338
P803A_ALT1,28,6339
P804A_ALT1,28,6340
P805A_ALT1,28,6341
P806A_ALT1,28,6342
P801A_ALT2,28,6369
P802A_ALT2,28,6370
P803A_ALT2,28,6371
P804A_ALT2,28,6372
P805A_ALT2,28,6373
P806A_ALT2,28,6374
P801A_ALT3,28,6401
P802A_ALT3,28,6402
P803A_ALT3,28,6403
P804A_ALT3,28,6404
P805A_ALT3,28,6405
P806A_ALT3,28,6406
P801A_ALT4,28,6433
P802A_ALT4,28,6434
P803A_ALT4,28,6435
P804A_ALT4,28,6436
P805A_ALT4,28,6437
P806A_ALT4,28,6438
P801A_ALT5,28,6465
P802A_ALT5,28,6466
P803A_ALT5,28,6467
P804A_ALT5,28,6468
P805A_ALT5,28,6469
P806A_ALT5,28,6470
P801A_ALT6,28,6497
P802A_ALT6,28,6498
P803A_ALT6,28,6499
P804A_ALT6,28,6500
P805A_ALT6,28,6501
P806A_ALT6,28,6502
MA801A_ALT1,28,6529
MA802A_ALT1,28,6530
MA803A_ALT1,28,6531
PSD801A_ALT1,28,6577
PSD802A_ALT1,28,6578
PSD803A_ALT1,28,6579
PSD804A_ALT1,28,6580
PSD801A_ALT2,28,6593
PSD802A_ALT2,28,6594
PSD803A_ALT2,28,6595
PSD804A_ALT2,28,6596
